date,tmax,tmin,tmean,n_hours,diurnal_range
2014-01-01,25.527685546874977,12.910462443033907,19.364170173362456,24,12.61722310384107
2014-01-02,27.871487765842005,13.672585381401916,21.271240658230266,24,14.198902384440089
2014-01-03,27.461270141601577,15.68347608778214,21.4745702955458,24,11.777794053819438
2014-01-04,26.59992099338109,14.19957851833766,20.88872184753419,24,12.40034247504343
2014-01-05,25.74532063802087,14.803909979926232,20.832111952039952,24,10.94141065809464
2014-01-06,22.690457153320324,16.84234076605901,19.2654500325521,24,5.848116387261314
2014-01-07,25.00207383897572,16.317038981119822,20.782591629028328,24,8.685034857855896
2014-01-08,22.897207302517415,15.959811740451414,19.357288713808426,24,6.937395562066001
2014-01-09,25.81971096462672,16.34894510904951,20.442208297164356,24,9.47076585557721
2014-01-10,27.348312038845503,16.91992662217882,21.706424515335666,24,10.428385416666682
2014-01-11,28.106851874457448,13.12287394205731,21.947761592158574,24,14.983977932400137
2014-01-12,27.49015401204429,16.8604902479384,21.852129985668046,24,10.629663764105889
2014-01-13,29.390171644422765,15.721760050455714,22.915220755117918,24,13.66841159396705
2014-01-14,25.13429124620228,16.56421474880642,20.336461808946403,24,8.57007649739586
2014-01-15,28.09770067003041,15.386357964409797,21.635555337976545,24,12.711342705620613
2014-01-16,29.883381822374133,17.674485948350707,23.56904476307058,24,12.208895874023426
2014-01-17,30.344735378689226,14.178114488389724,22.950502649943036,24,16.1666208902995
2014-01-18,29.48938429090714,15.322332763671907,23.31261677212186,24,14.167051527235232
2014-01-19,25.949943033854197,15.747222222222264,19.571652433607323,24,10.202720811631933
2014-01-20,26.274276733398494,14.187184312608563,19.715623502378122,24,12.087092420789931
2014-01-21,24.97966139051653,15.161311848958348,20.007175162986478,24,9.818349541558181
2014-01-22,25.36778191460502,14.378725179036508,20.20546305621114,24,10.98905673556851
2014-01-23,26.4501922607422,15.209649658203148,20.974042313187223,24,11.240542602539051
2014-01-24,28.037796020507812,16.135026041666663,22.111741666440622,24,11.90276997884115
2014-01-25,28.769865926106775,16.98854675292972,22.726304301509174,24,11.781319173177053
2014-01-26,25.861600409613743,16.518352593315967,20.55283994321472,24,9.343247816297776
2014-01-27,22.053811984592016,16.051367187499977,19.16121320371276,24,6.002444797092039
2014-01-28,23.000080023871533,15.229582722981776,19.299288558959976,24,7.770497300889756
2014-01-29,22.9636416965061,15.410926988389804,19.71387504295068,24,7.552714708116298
2014-01-30,22.863132052951418,17.804720730251745,20.25491738496004,24,5.058411322699673
2014-01-31,21.41454128689236,16.887257554796008,18.74058853431985,24,4.52728373209635
2014-02-01,23.192384507920963,16.844084337022593,19.532450358072918,24,6.348300170898369
2014-02-02,24.95408867730032,17.03498297797313,20.078892644246427,24,7.91910569932719
2014-02-03,20.692102389865457,17.029548814561622,18.432329926667396,24,3.6625535753038356
2014-02-04,23.053022596571225,15.858248562282997,18.84212900797528,24,7.194774034288228
2014-02-05,22.477314927842883,14.729457600911472,18.76694470158331,24,7.7478573269314115
2014-02-06,24.83215874565974,16.762968275282105,20.338475700660997,24,8.069190470377634
2014-02-07,23.70252956814238,16.553873358832504,19.947737390023697,24,7.148656209309877
2014-02-08,24.158438449435774,16.19237535264756,19.914527836552377,24,7.966063096788215
2014-02-09,22.608519829644138,16.036305406358508,19.40479945430051,24,6.572214423285629
2014-02-10,23.2768585205078,14.801337348090271,19.626157944290732,24,8.47552117241753
2014-02-11,27.448267618815123,14.527267795138869,20.717862602516465,24,12.920999823676254
2014-02-12,28.12612508138028,13.010551283094683,21.03017816896794,24,15.115573798285597
2014-02-13,26.87781507703994,11.61634792751738,19.971823770028585,24,15.261467149522561
2014-02-14,25.349089898003513,15.546021864149282,20.152235257184074,24,9.803068033854231
2014-02-15,26.000050523546008,15.142169189453114,19.98579429343896,24,10.857881334092895
2014-02-16,27.017313978407117,11.842011854383657,19.8996765419289,24,15.17530212402346
2014-02-17,26.12821723090275,13.34082675509984,19.67762624952529,24,12.787390475802908
2014-02-18,26.87292141384546,12.67011142306859,20.63656849331327,24,14.20280999077687
2014-02-19,25.832239447699635,16.336780124240477,20.248002144142443,24,9.495459323459158
2014-02-20,24.886030409071168,15.703640407986144,19.58720669216581,24,9.182390001085023
2014-02-21,25.61352878146704,15.014516533745676,19.246550001921495,24,10.599012247721364
2014-02-22,23.39454311794708,15.519466484917588,18.840639453464092,24,7.875076633029492
2014-02-23,23.490268961588583,15.807769436306444,19.046377210263866,24,7.6824995252821395
2014-02-24,24.23515896267361,15.47138468424481,19.07356575859918,24,8.763774278428798
2014-02-25,23.688347371419297,15.842574395073823,18.701785659790055,24,7.845772976345474
2014-02-26,21.506315782335093,14.570365397135449,17.724772898356136,24,6.935950385199645
2014-02-27,22.241123792860265,14.433928765191013,17.753231048583995,24,7.807195027669252
2014-02-28,24.064849853515625,13.427988349066824,19.034562245121723,24,10.6368615044488
2014-03-01,20.9566619873047,14.02978244357638,17.481537924872516,24,6.926879543728319
2014-03-02,18.071672227647586,13.390340847439234,15.914657112404155,24,4.681331380208352
2014-03-03,20.529387071397593,14.894704522026927,17.24828176145202,24,5.634682549370666
2014-03-04,20.419224717881946,15.831273735894058,17.175389805546533,24,4.587950981987888
2014-03-05,20.683034600151927,16.110263739691845,17.660970320525013,24,4.572770860460082
2014-03-06,22.04041408962678,15.80194736056859,18.343328617237244,24,6.238466729058189
2014-03-07,22.89502563476566,15.263212754991343,18.225866077564394,24,7.631812879774316
2014-03-08,23.206691826714405,13.56549987792971,18.393916094744657,24,9.641191948784694
2014-03-09,22.616640896267313,15.019402737087717,18.014558099817354,24,7.5972381591795966
2014-03-10,21.588694593641492,14.5931386311849,16.981341411449304,24,6.995555962456592
2014-03-11,17.712006293402794,14.362818400065123,16.08568396391694,24,3.349187893337671
2014-03-12,23.08276706271704,15.96925150553392,18.969357921459068,24,7.113515557183119
2014-03-13,21.099521891276027,13.147853597005223,16.500178598474587,24,7.951668294270803
2014-03-14,17.72168782552086,12.374184502495666,15.309884784839783,24,5.347503323025194
2014-03-15,22.094602796766537,13.008501858181432,17.13190335874205,24,9.086100938585105
2014-03-16,23.522621324327247,12.502531941731776,18.45595089947736,24,11.02008938259547
2014-03-17,24.211226399739587,13.52405598958336,18.611308302702746,24,10.687170410156227
2014-03-18,23.72123480902775,12.503600735134512,18.30829990528249,24,11.217634073893237
2014-03-19,23.88275722927517,15.153317938910618,19.022200761017984,24,8.729439290364553
2014-03-20,24.46287265353732,10.380851576063378,17.86334342956544,24,14.082021077473943
2014-03-21,20.32225443522134,13.961760457356776,17.126433436075853,24,6.360493977864563
2014-03-22,21.134381103515636,12.37541537814667,16.50522845232929,24,8.758965725368967
2014-03-23,23.191537475585903,11.571886867947056,17.639900744402862,24,11.619650607638848
2014-03-24,23.70184224446615,11.9410420735677,17.62860059384948,24,11.760800170898449
2014-03-25,22.555610148111953,10.944837443033803,16.755823644002287,24,11.61077270507815
2014-03-26,23.206209309895826,11.234596421983554,17.47864549424914,24,11.971612887912272
2014-03-27,22.876996866861987,13.24791904025608,17.498627316510248,24,9.629077826605906
2014-03-28,20.084266493055623,12.757166544596371,16.201614280983275,24,7.327099948459251
2014-03-29,20.497882080078114,11.13195631239148,16.148251031946263,24,9.365925767686633
2014-03-30,21.88643120659719,11.736229112413184,16.75223210652671,24,10.150202094184007
2014-03-31,21.350003051757824,9.746647135416652,15.801877523351605,24,11.603355916341172
2014-04-01,20.840418158637192,12.582934231228307,15.788956748114702,24,8.257483927408884
2014-04-02,21.364657931857664,11.509686957465306,16.534270378395377,24,9.854970974392359
2014-04-03,22.586940850151905,9.246147325303866,15.803413150928657,24,13.340793524848038
2014-04-04,22.628819783528684,10.396459282769117,16.2085482703315,24,12.232360500759567
2014-04-05,22.60651821560333,10.05211927625868,16.033997486255803,24,12.554398939344651
2014-04-06,20.723158772786466,10.597859361436631,15.223775411535208,24,10.125299411349834
2014-04-07,21.870581054687538,8.146677992078992,15.159957786842641,24,13.723903062608546
2014-04-08,21.08610568576387,8.252269829644092,14.400659815470389,24,12.833835856119777
2014-04-09,19.63068033854165,8.796633911132801,13.836138492160382,24,10.83404642740885
2014-04-10,20.21800638834634,7.630511813693602,13.873720465766075,24,12.587494574652737
2014-04-11,20.4986758761936,7.702195570203969,13.872594904016578,24,12.796480305989633
2014-04-12,21.703572252061633,8.037922837999133,14.982345976652937,24,13.6656494140625
2014-04-13,19.228403388129323,9.45983344184026,14.464638222588446,24,9.768569946289062
2014-04-14,18.963706800672696,10.188306681315112,13.946014178240754,24,8.775400119357585
2014-04-15,20.68200717502168,8.424787394205737,14.761518633807166,24,12.257219780815944
2014-04-16,18.72808634440105,10.919391208224852,13.843109752513756,24,7.808695136176198
2014-04-17,18.563537936740488,11.346440633138002,14.234672744185852,24,7.217097303602486
2014-04-18,20.629342312282972,10.515471733940956,15.490012769345896,24,10.113870578342016
2014-04-19,22.229350111219617,8.953738403320301,15.841045111197024,24,13.275611707899316
2014-04-20,22.444745890299487,9.321951633029528,16.169131045871325,24,13.122794257269959
2014-04-21,22.230762057834227,10.892069837782117,16.3538417392307,24,11.33869222005211
2014-04-22,21.395409478081604,9.643300713433176,15.520877018681297,24,11.752108764648428
2014-04-23,19.449981350368944,9.75636698404952,14.38898944148312,24,9.693614366319423
2014-04-24,17.985306803385413,5.8357476128472285,11.777205262360766,24,12.149559190538184
2014-04-25,19.338586425781273,4.954527452256968,11.836742443508584,24,14.384058973524304
2014-04-26,20.98455607096355,6.955002848307288,13.56001222398548,24,14.029553222656261
2014-04-27,20.92754482693141,6.548631456163207,13.1675476356789,24,14.378913370768203
2014-04-28,18.62561577690974,4.51849365234375,11.014548421789103,24,14.10712212456599
2014-04-29,21.62458055284293,4.562949286566834,13.169057549370676,24,17.061631266276095
2014-04-30,23.50133497450088,5.820121256510447,14.781799584847926,24,17.681213717990435
2014-05-01,23.556559583875867,6.433381144205725,15.11819969459818,24,17.12317843967014
2014-05-02,24.501016913520004,8.965924411349818,16.883464092678516,24,15.535092502170187
2014-05-03,24.11084425184464,11.126543850368932,16.848445892333995,24,12.984300401475707
2014-05-04,23.361870320638047,9.769716729058189,16.134973314073356,24,13.592153591579859
2014-05-05,23.38053317599821,8.642500813802087,16.22815468399613,24,14.738032362196122
2014-05-06,18.434839206271704,9.964492797851562,13.721627793488688,24,8.470346408420141
2014-05-07,20.012364027235208,6.322154405381923,12.894653009485324,24,13.690209621853285
2014-05-08,20.502910020616355,7.548469034830703,14.0285811247649,24,12.954440985785652
2014-05-09,21.412239922417484,8.663927205403695,14.939043468899206,24,12.748312717013789
2014-05-10,20.82258673773873,5.339449734157995,12.89047058953181,24,15.483137003580737
2014-05-11,19.3818339029948,5.853422376844605,11.894232672232173,24,13.528411526150194
2014-05-12,18.23200310601129,4.2493940565321395,10.931086519029428,24,13.982609049479152
2014-05-13,20.416957600911473,3.904266018337694,12.660146713256848,24,16.51269158257378
2014-05-14,20.924170260959215,5.428711615668419,13.394193635163502,24,15.495458645290796
2014-05-15,21.842300415039062,5.028948296440944,13.443614917331272,24,16.813352118598118
2014-05-16,21.82361789279514,7.61940578884554,13.944409335101108,24,14.204212103949601
2014-05-17,20.72842983669705,5.350423516167552,12.737372363055208,24,15.378006320529497
2014-05-18,16.219720458984398,7.975152926974829,11.434663066157599,24,8.244567532009569
2014-05-19,17.914211357964405,5.4043846978082115,11.463101337574152,24,12.509826660156193
2014-05-20,17.48052944607207,5.962150404188378,11.314030032687732,24,11.51837904188369
2014-05-21,17.078406100802965,7.975623575846384,11.834068142926265,24,9.10278252495658
2014-05-22,16.75799560546875,7.701932101779505,12.056199970951802,24,9.056063503689245
2014-05-23,19.97156032986112,9.033917575412318,13.928724543253601,24,10.937642754448802
2014-05-24,20.16544867621525,7.581489732530372,13.26864616959184,24,12.583958943684877
2014-05-25,19.030727810329893,7.169350179036428,12.478262512772181,24,11.861377631293465
2014-05-26,20.767632717556467,3.924781968858497,12.230372732656988,24,16.84285074869797
2014-05-27,21.532360839843705,7.429046630859432,13.894711346096472,24,14.103314208984273
2014-05-28,20.80831264919709,7.171058485243066,13.14490510446056,24,13.637254163954026
2014-05-29,21.088092719184033,5.254200236002646,12.722366615577997,24,15.833892483181387
2014-05-30,22.152791002061633,5.753753662109375,13.89734636942547,24,16.399037339952258
2014-05-31,22.8952626546224,5.323690117730052,14.95993389553494,24,17.571572536892347
2014-06-01,23.85505405002175,7.7226715087890625,14.86404947351528,24,16.132382541232687
2014-06-02,22.65681254069011,7.237881469726574,14.271876992119692,24,15.418931070963538
2014-06-03,22.053990342881946,7.740942043728296,14.536535715173798,24,14.31304829915365
2014-06-04,21.0925126817491,7.546135796440979,14.177401196515122,24,13.54637688530812
2014-06-05,18.861062622070335,2.034501478407094,11.250427571049455,24,16.82656114366324
2014-06-06,9.966478474934943,-0.4792863633897468,3.6590857046621914,24,10.44576483832469
2014-06-07,14.384840901692712,-2.439366997612808,6.2741051709210565,24,16.82420789930552
2014-06-08,16.274645996093795,-0.0158908420139027,7.5587093494556585,24,16.2905368381077
2014-06-09,16.540917290581604,1.784285142686656,8.502347451669218,24,14.756632147894948
2014-06-10,15.868113538953992,1.953626844618043,7.938139526932351,24,13.914486694335949
2014-06-11,16.863146633572057,-0.8162665473089987,8.252643203735365,24,17.679413180881056
2014-06-12,16.01227959526915,2.5572937011718295,8.092506239149317,24,13.45498589409732
2014-06-13,16.51057366265195,2.490105862087717,8.720197211371548,24,14.020467800564234
2014-06-14,17.79248758951826,5.2926706949870095,10.315001042683933,24,12.49981689453125
2014-06-15,20.024633789062538,5.084932793511314,11.583136593853999,24,14.939700995551224
2014-06-16,18.592625257704015,1.622286648220495,9.490821414523664,24,16.97033860948352
2014-06-17,18.921663072374145,3.673567708333337,10.855002240781445,24,15.248095364040807
2014-06-18,19.78241136338977,4.682214016384535,12.027088532624438,24,15.100197347005235
2014-06-19,12.882690429687557,2.6913584391276117,7.426209753531012,24,10.191331990559945
2014-06-20,16.728073798285607,-0.0684465196397354,7.684939363267705,24,16.796520317925342
2014-06-21,17.978941853841206,3.2220170762803946,9.299667344269942,24,14.756924777560812
2014-06-22,17.587081909179688,1.9118808322483003,9.300524930600774,24,15.675201076931387
2014-06-23,17.536870659722183,4.615582953559056,10.101877410323537,24,12.921287706163127
2014-06-24,17.168224419487842,4.000430297851608,10.155881825199842,24,13.167794121636234
2014-06-25,17.78362358940973,5.276092868381056,10.698368736549675,24,12.507530721028672
2014-06-26,19.922109985351597,3.796580674913173,11.983663361160845,24,16.125529310438424
2014-06-27,17.969579399956615,7.349920654296909,12.136674358226644,24,10.619658745659706
2014-06-28,16.355670844184033,7.37005615234375,11.571502162792077,24,8.985614691840283
2014-06-29,17.661117553710938,4.976319715711838,11.066625114723506,24,12.684797837999099
2014-06-30,19.45885755750868,6.694717407226619,12.596787954259817,24,12.76414015028206
2014-07-01,19.090043809678832,5.502756076388891,12.074902541549116,24,13.58728773328994
2014-07-02,17.093541124132003,2.499153984917541,9.699602678087034,24,14.594387139214462
2014-07-03,17.119798448350707,4.224117702908018,9.9474915681062,24,12.89568074544269
2014-07-04,16.80562167697485,4.039701334635424,9.932371040626826,24,12.765920342339427
2014-07-05,17.932170274522605,4.858389621310778,10.92142988134315,24,13.073780653211827
2014-07-06,17.070915730794297,1.8962361653645985,8.578375894052023,24,15.174679565429699
2014-07-07,14.066738552517336,-0.8610409206814325,5.7116148913348255,24,14.927779473198768
2014-07-08,9.49846666124131,-3.762568834092861,2.5629804540563677,24,13.26103549533417
2014-07-09,10.875283474392404,-3.3265174018011976,3.2336009979248197,24,14.201800876193602
2014-07-10,12.862883843315956,-1.7590043809678946,5.053542158338769,24,14.62188822428385
2014-07-11,13.822862074110276,-1.7335110134548586,5.691212689435052,24,15.556373087565134
2014-07-12,15.424531385633712,-0.7390235053168226,7.272918898971009,24,16.163554890950536
2014-07-13,17.407925075954893,1.3492529975043794,9.101818466186542,24,16.058672078450513
2014-07-14,17.848641628689222,2.5460035536024748,10.206679337113014,24,15.302638075086747
2014-07-15,17.060547214084238,2.26750250922305,9.340164876867247,24,14.793044704861188
2014-07-16,19.048640611436667,3.3333757188585196,10.423104872526963,24,15.715264892578148
2014-07-17,20.181812201605908,2.3794077555338617,10.828670996206784,24,17.802404446072046
2014-07-18,21.266015285915785,3.800343492296008,11.715917403609673,24,17.465671793619777
2014-07-19,15.181133015950536,-0.0295562744140625,6.7595821663185545,24,15.210689290364598
2014-07-20,17.38996209038629,-1.0758117675781025,8.593679866084353,24,18.465773857964393
2014-07-21,17.33490058051217,-0.3536631266275662,9.399570027104145,24,17.688563707139735
2014-07-22,17.55846794976128,1.9989830864800524,9.372169819584613,24,15.559484863281227
2014-07-23,20.150183783637143,2.871350097656262,11.289973732277204,24,17.27883368598088
2014-07-24,21.734098985460037,3.491339111328159,12.085853760330771,24,18.242759874131877
2014-07-25,20.859950764973973,5.492595418294343,12.591023127237973,24,15.36735534667963
2014-07-26,16.161849297417575,2.6620334201389255,8.731793834545007,24,13.49981587727865
2014-07-27,16.230634223090306,-0.3887698703341584,7.353662547358771,24,16.619404093424464
2014-07-28,19.38211805555557,-0.134815470377589,10.352170576872666,24,19.516933525933158
2014-07-29,16.764939371744788,4.5343007405599,10.171598900689034,24,12.230638631184888
2014-07-30,17.588703070746533,3.0655731201171648,9.763888436776625,24,14.523129950629368
2014-07-31,18.34450480143232,3.120238579644081,10.54846335517037,24,15.224266221788238
2014-08-01,20.36461486816404,5.616909790039017,11.965849643283427,24,14.747705078125023
2014-08-02,19.897506374783006,4.228864542643237,11.816890236183463,24,15.66864183213977
2014-08-03,19.00574510362412,3.413122558593784,11.110586901064295,24,15.592622545030334
2014-08-04,18.155998060438375,2.46870083279083,10.758965796011475,24,15.687297227647544
2014-08-05,21.15741407606339,5.156459554036417,13.41970106054236,24,16.000954522026973
2014-08-06,21.9388448079427,10.060067749023403,15.282132622047717,24,11.878777058919297
2014-08-07,22.370338948567735,9.28051418728296,15.390389816849334,24,13.089824761284774
2014-08-08,19.809115939670164,7.0573357476128535,12.951512937192573,24,12.75178019205731
2014-08-09,16.191939629448825,6.4864434136284785,10.781820523297357,24,9.705496215820347
2014-08-10,19.06198832194008,8.07953321668839,13.242870147139955,24,10.982455105251692
2014-08-11,18.940879313151015,9.50597161187062,13.669157861780237,24,9.434907701280395
2014-08-12,19.070784505208337,7.519637722439256,12.794457838270409,24,11.55114678276908
2014-08-13,20.402616034613743,5.886523776584227,13.205561418886553,24,14.516092258029516
2014-08-14,23.418086412217917,6.9493760850695026,15.413522889879031,24,16.468710327148415
2014-08-15,22.47430386013457,7.703857082790819,15.697740427653008,24,14.77044677734375
2014-08-16,16.640655517578125,9.687282647026962,11.809982554117854,24,6.9533728705511635
2014-08-17,16.988054063585082,7.7154554578992816,11.54670723809138,24,9.2725986056858
2014-08-18,19.033916897243955,6.013913642035561,12.597311669808853,24,13.020003255208394
2014-08-19,22.98456963433165,7.670254855685755,14.907618402551732,24,15.314314778645894
2014-08-20,23.13830803765194,10.730818345811656,16.3696857876248,24,12.407489691840283
2014-08-21,22.031590440538196,8.203491210937557,14.421773811622915,24,13.828099229600639
2014-08-22,15.324078708224818,1.9460774739583255,8.226442393550181,24,13.378001234266492
2014-08-23,16.005828857421875,-1.4988589816623517,7.383403735690654,24,17.504687839084227
2014-08-24,16.38191155327695,1.0700029161241105,8.330195250334588,24,15.31190863715284
2014-08-25,18.72735290527345,2.327811008029528,10.729591708713116,24,16.39954189724392
2014-08-26,22.096240573459227,6.588775634765682,13.808425041481309,24,15.507464938693545
2014-08-27,23.0079491509332,4.933690049913196,14.574105990374541,24,18.074259101020004
2014-08-28,23.94922620985244,7.101826646592883,15.524897596571194,24,16.847399563259557
2014-08-29,11.169320339626722,2.115287272135447,6.076111503883659,24,9.054033067491275
2014-08-30,16.439978705512146,-0.1571794297960309,7.601201954594373,24,16.597158135308177
2014-08-31,18.44389851888019,1.150812106662329,10.020703068485979,24,17.29308641221786
2014-09-01,19.507665337456615,2.801362440321157,11.507900365193699,24,16.70630289713546
2014-09-02,20.43317633734813,2.9164388020832916,12.083706438982944,24,17.516737535264838
2014-09-03,20.9890262179905,3.869738091362876,12.214531057852293,24,17.119288126627623
2014-09-04,22.105504692925365,3.7275299072265966,12.747454989397973,24,18.37797478569877
2014-09-05,21.88269721137152,3.5991787380642677,13.458683338871717,24,18.283518473307254
2014-09-06,24.020276217990443,8.248500230577235,15.89506963094076,24,15.771775987413207
2014-09-07,26.43433939615886,7.261118910047742,17.498148303561756,24,19.17322048611112
2014-09-08,28.111990356445347,10.29492357042102,19.72738934269659,24,17.817066786024327
2014-09-09,27.42231241861981,10.54615275065106,18.737757336651853,24,16.87615966796875
2014-09-10,28.8842732747396,9.685526869032117,19.317568997983596,24,19.19874640570748
2014-09-11,28.011193169487857,10.074283175998232,19.722338358561206,24,17.936909993489625
2014-09-12,29.582317097981782,9.712046644422742,20.544719696044933,24,19.87027045355904
2014-09-13,29.12060479058164,13.142019653320348,20.79103912070946,24,15.978585137261293
2014-09-14,30.2268035888672,11.125267198350684,21.139563595807125,24,19.101536390516515
2014-09-15,29.631725396050346,12.415020073784774,20.88689279909488,24,17.21670532226557
2014-09-16,28.87361077202695,10.81077880859374,20.56944835804128,24,18.06283196343321
2014-09-17,29.173428344726577,12.300929768880223,21.2021288695159,24,16.872498575846354
2014-09-18,28.90015055338546,12.824455091688378,20.280334218343103,24,16.07569546169708
2014-09-19,22.36069471571176,7.742179361979197,14.33167026661061,24,14.618515353732562
2014-09-20,23.124004109700536,7.33294949001737,14.502616839938696,24,15.791054619683166
2014-09-21,21.926298014322867,8.469402737087705,14.854174479731816,24,13.456895277235162
2014-09-22,22.30347222222224,9.454250420464462,15.822550356829618,24,12.849221801757778
2014-09-23,24.2541442871094,9.106124199761323,17.011110079730013,24,15.148020087348078
2014-09-24,24.86982048882379,11.766706339518237,17.99657050238716,24,13.103114149305554
2014-09-25,27.785384114583337,11.09113837348093,19.445467306066462,24,16.694245741102407
2014-09-26,28.729771253797765,12.881320529513914,21.287308134856058,24,15.84845072428385
2014-09-27,28.646944173177133,14.503960503472229,21.585007547449194,24,14.142983669704904
2014-09-28,27.25084804958766,13.186206732855908,19.140622018884745,24,14.064641316731752
2014-09-29,22.72560526529952,11.800598483615431,16.696617409035017,24,10.92500678168409
2014-09-30,24.760238647460938,8.854363674587717,16.22302812646938,24,15.905874972873221
2014-10-01,22.502721150716127,6.647802395290796,14.582359370478885,24,15.85491875542533
2014-10-02,22.854544067382847,8.243098280164986,16.168429070931914,24,14.61144578721786
2014-10-03,22.787304348415773,8.147876315646727,15.119813650625735,24,14.639428032769047
2014-10-04,22.398088243272586,6.921941799587728,14.739482399269408,24,15.476146443684858
2014-10-05,23.790011596679733,8.316390652126756,16.248681160255725,24,15.473620944552977
2014-10-06,25.85967407226559,9.466636827256991,17.977744363855443,24,16.3930372450086
2014-10-07,26.293585205078102,10.899231635199726,19.00322552433722,24,15.394353569878376
2014-10-08,29.454853651258645,12.366754489474886,21.40515662299262,24,17.08809916178376
2014-10-09,29.86748589409723,13.35232069227436,22.330687459309914,24,16.515165201822867
2014-10-10,29.196080864800365,12.10193244086372,19.38581131829158,24,17.094148423936645
2014-10-11,22.693777804904528,11.915317789713528,16.789477270620853,24,10.778460015191
2014-10-12,27.451926676432265,13.960007731119788,20.517481796829802,24,13.491918945312477
2014-10-13,30.81921793619796,13.646275160047765,22.363665375886157,24,17.172942776150194
2014-10-14,28.372782728407117,11.833754814995643,20.98103671603733,24,16.539027913411473
2014-10-15,25.55663723415796,14.160847303602452,18.099616735952882,24,11.395789930555509
2014-10-16,24.995898098415807,10.5500311957465,17.558909550419564,24,14.445866902669307
2014-10-17,20.126000298394104,8.349086846245712,13.917565833197711,24,11.776913452148392
2014-10-18,21.694996812608508,5.645743476019959,13.98337653831201,24,16.04925333658855
2014-10-19,27.062787882486987,6.853028021918419,17.90647349887425,24,20.209759860568568
2014-10-20,29.16828884548613,8.814012993706626,20.22135182133428,24,20.354275851779505
2014-10-21,28.665706041124167,11.837928602430566,20.231821851377145,24,16.8277774386936
2014-10-22,28.30193549262151,12.04237942165804,19.32201410929363,24,16.25955607096347
2014-10-23,28.343551296658006,11.385609605577258,18.519545759978133,24,16.957941691080748
2014-10-24,28.34948391384546,13.680622694227395,19.90545782866302,24,14.668861219618066
2014-10-25,27.881137424045164,13.673242187500025,19.35853080749514,24,14.20789523654514
2014-10-26,18.860918172200513,11.48856811523433,15.03717429549606,24,7.372350056966184
2014-10-27,22.093241373697936,11.138122897677988,16.37424111542879,24,10.955118476019948
2014-10-28,24.80225762261284,10.018825615776905,17.96306235701951,24,14.783432006835934
2014-10-29,27.09603305392795,11.94397210015194,20.39837493896486,24,15.15206095377601
2014-10-30,29.816491699218773,13.28715752495657,22.490799543592672,24,16.529334174262203
2014-10-31,30.467515733506957,15.400218709309913,22.656740287498206,24,15.067297024197044
2014-11-01,25.4798790825738,14.591168551974818,19.099441726119448,24,10.888710530598981
2014-11-02,20.004879082573837,12.580901760525135,16.379770815813988,24,7.423977322048701
2014-11-03,22.315944078233485,13.618696085611989,16.844225268893783,24,8.697247992621497
2014-11-04,22.74364556206598,11.472615220811631,17.128926750465695,24,11.271030341254347
2014-11-05,22.822432454427087,9.945795694987057,16.210437025847266,24,12.87663675944003
2014-11-06,23.035591295030372,11.053020901150203,17.853643219559288,24,11.982570393880168
2014-11-07,25.878710598415807,14.979305013020848,19.857289095278144,24,10.899405585394959
2014-11-08,26.32142096625438,13.1109588623047,19.346021623964674,24,13.210462103949679
2014-11-09,27.711677720811625,14.656917656792588,20.80308611834492,24,13.054760064019037
2014-11-10,21.68694932725697,15.041955905490454,16.824972180966988,24,6.6449934217665145
2014-11-11,17.22870212131079,14.305348036024329,15.657118818495027,24,2.9233540852864603
2014-11-12,18.626023356119788,13.328845893012158,15.434314812554264,24,5.29717746310763
2014-11-13,22.652631632486987,12.241838582356763,17.22466838977956,24,10.410793050130223
2014-11-14,27.19978942871097,10.90002950032556,20.086577012803833,24,16.299759928385413
2014-11-15,26.16175198025178,9.70252210828994,18.483132694385677,24,16.45922987196184
2014-11-16,22.75383334689667,7.613036770290819,15.124691588790354,24,15.140796576605851
2014-11-17,19.3168789333767,8.740794203016492,13.533672403406227,24,10.576084730360208
2014-11-18,17.711198255750844,9.21557854546444,12.978663310298224,24,8.495619710286404
2014-11-19,21.681805419921886,8.037825181749156,15.67726529439292,24,13.64398023817273
2014-11-20,24.69257575141063,12.220179239908871,18.333230647334357,24,12.472396511501758
2014-11-21,26.894563123914963,11.709976196289062,19.59527339228878,24,15.184586927625901
2014-11-22,26.55169203016493,13.719636705186645,19.68825337445295,24,12.832055324978285
2014-11-23,21.232238769531307,12.4472832573785,16.262932883368617,24,8.784955512152807
2014-11-24,25.272244262695324,10.818600802951435,18.01306758456761,24,14.453643459743889
2014-11-25,25.273695203993043,12.18688286675348,19.600153788813845,24,13.086812337239563
2014-11-26,27.111985270182345,13.654942491319446,19.25284618801543,24,13.457042778862899
2014-11-27,20.48358154296875,13.909084065755223,16.933740502816672,24,6.5744974772135265
2014-11-28,25.929910278320335,12.680655246310778,18.683979966905387,24,13.249255032009557
2014-11-29,24.90643344455293,11.460382758246569,18.217210359926586,24,13.446050686306362
2014-11-30,23.66581929524739,12.909489949544309,17.403015334517878,24,10.75632934570308
2014-12-01,24.76220228407118,12.132271999782972,18.308140055338555,24,12.629930284288207
2014-12-02,24.691912841796864,11.120564439561631,18.86276410420736,24,13.571348402235232
2014-12-03,26.31585659450957,13.429101223415785,19.858299029314974,24,12.886755371093784
2014-12-04,28.08192511664498,13.397366333007824,20.767118340951434,24,14.684558783637158
2014-12-05,29.97167392306858,15.645410156250025,22.427998493335867,24,14.326263766818554
2014-12-06,26.454626125759543,15.301077948676266,20.159442336471002,24,11.153548177083277
2014-12-07,26.661535644531284,14.140075005425388,19.058473813092277,24,12.521460639105896
2014-12-08,23.033802964952255,15.05041775173612,17.88108462580929,24,7.983385213216135
2014-12-09,21.253099907769126,13.478581746419309,16.586138704088015,24,7.7745181613498175
2014-12-10,23.265590752495655,13.81725701226128,18.114427863227,24,9.448333740234375
2014-12-11,24.71460232204862,15.107343546549489,19.58181833337856,24,9.607258775499131
2014-12-12,21.342806328667564,14.053411526150173,17.593964272958278,24,7.289394802517391
2014-12-13,24.16620958116323,13.893595038520004,18.904505496554915,24,10.272614542643225
2014-12-14,22.717202419704847,15.198414442274329,18.60027128148963,24,7.518787977430518
2014-12-15,23.88127068413627,14.600551350911472,18.566322962443056,24,9.280719333224797
2014-12-16,19.934306844075536,13.644597371419252,16.347710644757317,24,6.289709472656284
2014-12-17,20.98102281358507,13.114498223198837,16.87747117501719,24,7.866524590386234
2014-12-18,23.07152981228296,13.176935831705748,18.258031647293667,24,9.894593980577213
2014-12-19,24.008656480577255,14.523321533203102,19.113916397094737,24,9.485334947374152
2014-12-20,26.777010769314245,15.204783799913171,20.84338651586463,24,11.572226969401074
2014-12-21,27.186118910047753,11.421781412760424,20.523509739063414,24,15.764337497287329
2014-12-22,26.70782436794707,15.931253051757835,21.646025806003163,24,10.776571316189234
2014-12-23,25.526032850477463,16.194127061631946,20.546498235066746,24,9.331905788845518
2014-12-24,26.726417032877578,15.857548014322958,21.39969160291885,24,10.86886901855462
2014-12-25,27.91888597276477,17.338950263129334,22.215072179723677,24,10.579935709635436
2014-12-26,27.75125969780817,17.223490397135436,22.06077844125254,24,10.527769300672734
2014-12-27,20.806284247504323,16.926680501302087,18.552804664329262,24,3.8796037462022355
2014-12-28,24.52884114583333,16.89442545572922,19.817911218713842,24,7.63441569010411
2014-12-29,24.65253092447921,15.2230204264323,19.732261742485903,24,9.429510498046909
2014-12-30,26.02764824761283,13.107550726996578,20.14329743561923,24,12.920097520616252
2014-12-31,23.303832329644138,14.768904622395835,18.95983349835432,24,8.534927707248302
2015-01-01,22.86933661566843,14.00208401150178,18.155427085028773,24,8.86725260416665
2015-01-02,25.123626030816013,14.211833699544286,20.290887620713992,24,10.911792331271727
2015-01-03,27.21289537217882,15.933260769314243,20.723257898401332,24,11.279634602864578
2015-01-04,28.416644626193545,14.598619249131955,21.802108326664683,24,13.81802537706159
2015-01-05,28.337330796983508,16.020178561740465,22.051621641936137,24,12.317152235243043
2015-01-06,28.576403469509557,14.986593288845484,22.43953324777109,24,13.589810180664074
2015-01-07,25.13853454589844,16.341825358072924,20.610979122585743,24,8.796709187825517
2015-01-08,26.503387451171875,15.899332004123266,20.814555048059546,24,10.604055447048609
2015-01-09,26.595812310112876,16.577610609266515,21.190390565660273,24,10.018201700846362
2015-01-10,26.473664008246544,17.012677001953136,21.621128336588555,24,9.460987006293408
2015-01-11,26.53086480034727,15.480816989474818,21.361620881822393,24,11.050047810872453
2015-01-12,26.570345730251745,14.893870374891492,20.893678029378272,24,11.676475355360253
2015-01-13,27.41719835069443,14.847678290473084,21.84857053403502,24,12.569520060221347
2015-01-14,23.870902845594628,16.123985799153672,19.547526663321054,24,7.746917046440956
2015-01-15,24.764120483398415,14.955177815755237,19.565900830869317,24,9.808942667643178
2015-01-16,24.951983642578114,15.51025899251306,19.82478808650266,24,9.441724650065053
2015-01-17,27.57270202636721,13.7613681369358,20.88092678211355,24,13.81133388943141
2015-01-18,22.172829182942735,14.219725545247456,18.05342032821092,24,7.953103637695278
2015-01-19,24.19502868652347,14.15630900065105,19.218548555727367,24,10.038719685872422
2015-01-20,23.79126383463546,15.215792507595497,19.029882699471948,24,8.575471327039962
2015-01-21,25.52026841905382,12.96107245551218,19.797443912647392,24,12.55919596354164
2015-01-22,27.335245090060766,15.571067640516503,20.96309278982658,24,11.764177449544263
2015-01-23,28.324307929144993,13.675360107421907,21.528564085783795,24,14.648947821723086
2015-01-24,27.96222432454431,14.909502834743932,21.71264340436018,24,13.052721489800376
2015-01-25,29.091025119357653,15.398236423068568,21.81144046077023,24,13.692788696289085
2015-01-26,27.65601026746964,14.911595323350696,21.120402004100672,24,12.744414944118944
2015-01-27,27.7348693847656,17.48163316514757,21.88926428335685,24,10.253236219618028
2015-01-28,21.324130588107664,15.013478597005246,18.50111068443017,24,6.310651991102418
2015-01-29,25.20517035590279,14.811004638671877,19.662351848461025,24,10.394165717230914
2015-01-30,24.37450256347654,15.576639811197936,19.711848944204835,24,8.797862752278604
2015-01-31,24.59240553114148,14.631751505533884,19.518394992969665,24,9.960654025607596
2015-02-01,26.456468709309945,14.958349270290851,20.772298106440804,24,11.498119439019094
2015-02-02,26.384907701280383,13.75392252604172,20.12394558941878,24,12.630985175238663
2015-02-03,27.903840467664963,11.876959906684078,20.882792833116337,24,16.026880560980885
2015-02-04,28.394445800781284,12.501630995008668,21.49339993794761,24,15.892814805772616
2015-02-05,28.74359436035155,13.921459282769147,21.70653019657843,24,14.822135077582404
2015-02-06,29.44501139322915,15.359047105577304,22.256342089617707,24,14.085964287651848
2015-02-07,29.371684773763036,12.212279595269138,21.998321942929888,24,17.1594051784939
2015-02-08,28.91204935709635,15.021324327256934,22.521827288027165,24,13.890725029839416
2015-02-09,30.06450466579861,15.6190351698134,23.48495918556498,24,14.44546949598521
2015-02-10,30.984352959526916,17.318913438585128,24.43559533578379,24,13.665439520941788
2015-02-11,30.882609727647548,17.747904120551198,24.56468282628943,24,13.13470560709635
2015-02-12,28.39510091145831,17.053134494357664,22.829434585571292,24,11.341966417100647
2015-02-13,28.761392211914085,16.99659423828126,22.87309488367153,24,11.764797973632824
2015-02-14,28.408254665798665,16.133952501085048,22.156855222913965,24,12.274302164713617
2015-02-15,26.96072692871093,11.483399793836838,20.21015435677989,24,15.477327134874091
2015-02-16,25.666956583658873,15.850710042317758,19.81819662871185,24,9.816246541341116
2015-02-17,24.634490966796875,14.08447875976566,18.966462665134017,24,10.550012207031214
2015-02-18,28.94989420572921,13.792013210720484,21.369782271208596,24,15.157880995008725
2015-02-19,29.31731431749131,16.061627875434056,23.16984447903103,24,13.255686442057254
2015-02-20,28.66661309136282,15.757422214084215,22.635686436405894,24,12.909190877278604
2015-02-21,28.360509236653684,16.624963717990454,21.067267509743033,24,11.73554551866323
2015-02-22,28.128145684136314,15.598405965169263,21.63660033897118,24,12.52973971896705
2015-02-23,26.28795945909286,13.935605875650992,20.16920547485353,24,12.352353583441868
2015-02-24,26.877763875325513,15.537132432725684,21.015450442278837,24,11.340631442599829
2015-02-25,25.73772481282549,14.856229315863745,19.55921475445784,24,10.881495496961746
2015-02-26,26.879931979709227,14.706629774305554,20.1547347881176,24,12.173302205403672
2015-02-27,23.689655558268218,14.58308173285593,18.513987110279224,24,9.106573825412287
2015-02-28,23.312780761718727,14.00989956325958,17.624552733809875,24,9.302881198459147
2015-03-01,22.99573872884116,13.640813191731809,18.05978589940955,24,9.354925537109352
2015-03-02,21.999623616536496,12.665609741210972,17.144680630719236,24,9.334013875325525
2015-03-03,22.365501573350684,10.535913764105942,16.137450366550034,24,11.829587809244742
2015-03-04,24.821640353732676,10.053070068359377,18.234126875135647,24,14.768570285373299
2015-03-05,26.841168891059056,11.458781263563369,20.029348288642055,24,15.382387627495687
2015-03-06,26.673512098524327,14.778717380099865,20.290215103714566,24,11.894794718424462
2015-03-07,21.936309475368944,15.316057671441,18.260101841114192,24,6.620251803927944
2015-03-08,25.30413445366753,14.025551689995666,19.422567155626094,24,11.278582763671864
2015-03-09,24.92163458930122,12.912181939019092,18.82829486705639,24,12.009452650282128
2015-03-10,26.592620171440956,12.957368977864576,20.10455945332846,24,13.63525119357638
2015-03-11,26.94382697211375,13.138154093424532,20.447610770331497,24,13.805672878689219
2015-03-12,23.482021077473973,15.604409790039028,18.781148486667217,24,7.877611287434945
2015-03-13,26.53419155544708,14.519933064778684,20.68282491895889,24,12.014258490668396
2015-03-14,27.78204447428385,15.721372816297787,20.824690642180276,24,12.060671657986063
2015-03-15,28.45178087022572,14.679032389322913,21.121975425437657,24,13.772748480902806
2015-03-16,28.54194098578563,14.718541802300363,20.59633759392634,24,13.823399183485266
2015-03-17,28.341883341471373,13.411947292751734,20.82374668827764,24,14.92993604871964
2015-03-18,25.93811204698352,15.142070515950536,18.880356329458742,24,10.796041531032984
2015-03-19,23.09766099717882,14.70623677571615,17.834482744004998,24,8.391424221462671
2015-03-20,25.104776000976585,13.278281656901072,19.337510822437437,24,11.826494344075513
2015-03-21,25.437111070420997,14.743488566080714,19.342064087479212,24,10.693622504340283
2015-03-22,20.192259046766537,14.58959045410154,16.727334622983587,24,5.6026685926649975
2015-03-23,23.609137980143203,14.341243489583348,18.420495676111305,24,9.267894490559854
2015-03-24,22.97657470703126,14.359588623046877,18.46752365960017,24,8.616986083984385
2015-03-25,20.29785800509984,15.0742302788629,17.751107646800858,24,5.2236277262369395
2015-03-26,21.21059638129344,14.518821885850684,17.081151340625922,24,6.691774495442754
2015-03-27,24.029682413736964,14.54064466688368,18.81484784726744,24,9.489037746853285
2015-03-28,21.85934143066407,11.857092624240464,16.87206800955315,24,10.002248806423607
2015-03-29,23.359350585937538,12.556555175781284,17.247626608389417,24,10.802795410156254
2015-03-30,21.303560384114576,11.42714504665804,16.58307353832104,24,9.876415337456535
2015-03-31,21.590543280707493,12.99815877278644,16.98562271683306,24,8.592384507921054
2015-04-01,23.857024129231775,11.801534695095484,18.194007364908863,24,12.055489434136291
2015-04-02,25.05980529785154,14.08063998752175,19.328194088406047,24,10.97916531032979
2015-04-03,23.4498301188151,14.367211914062525,18.59302492494937,24,9.082618204752576
2015-04-04,20.00888502332896,13.117175632052977,16.95749749077692,24,6.891709391275985
2015-04-05,22.058813476562477,11.40935262044269,16.24805081685385,24,10.649460856119788
2015-04-06,24.035246785481775,9.76024576822914,17.019668353045436,24,14.275001017252634
2015-04-07,20.245147705078125,12.933448961046054,15.86176892033331,24,7.311698744032071
2015-04-08,20.513592190212705,10.160926988389804,15.272739820127148,24,10.352665201822902
2015-04-09,20.973787773980064,10.303555297851574,15.342116193418162,24,10.67023247612849
2015-04-10,19.24597032335072,9.973038058810744,13.921945699056009,24,9.272932264539975
2015-04-11,22.207921346028684,9.477260674370656,15.554417433562122,24,12.730660671658027
2015-04-12,22.212814331054688,10.541256374783018,15.785392450403291,24,11.67155795627167
2015-04-13,22.72686835394967,10.064042833116332,16.09269116719565,24,12.662825520833337
2015-04-14,23.525067138671886,9.193901231553866,16.79881833394371,24,14.33116590711802
2015-04-15,23.050559828016503,9.2293680826823,16.486190569842318,24,13.821191745334204
2015-04-16,22.716562567816823,6.823583645290853,15.421816112377035,24,15.89297892252597
2015-04-17,21.138390435112857,8.454095798068579,14.609831689905254,24,12.684294637044278
2015-04-18,18.367098999023423,8.543366834852463,13.720369452017337,24,9.82373216417096
2015-04-19,19.455178493923597,10.292263454861144,14.090828620062945,24,9.162915039062453
2015-04-20,20.74787665473093,9.271619669596362,14.710337702433291,24,11.476256985134569
2015-04-21,22.08995463053384,11.064877319335949,16.561565950181762,24,11.02507731119789
2015-04-22,19.240956624348996,12.299965413411485,14.99168855172618,24,6.940991210937511
2015-04-23,20.870809258355052,11.522579616970518,15.559619748150872,24,9.348229641384535
2015-04-24,20.563995361328125,11.293036905924453,14.845446664315695,24,9.270958455403672
2015-04-25,23.7070292154948,9.762385728624167,16.18879880551939,24,13.944643486870632
2015-04-26,23.709819539388036,9.318294949001768,17.038731228863757,24,14.391524590386268
2015-04-27,23.423261176215306,10.620299953884569,16.767305246988936,24,12.802961222330737
2015-04-28,24.36510348849828,10.566396755642415,17.29546203613283,24,13.798706732855866
2015-04-29,23.693640136718727,10.304423014322936,17.50462899384676,24,13.389217122395792
2015-04-30,22.30425211588539,6.645759412977384,15.040038115889956,24,15.658492702908006
2015-05-01,21.54419216579862,5.2896908230251825,13.7352767944336,24,16.254501342773438
2015-05-02,22.29185418023002,7.373207261827247,15.418274448536073,24,14.918646918402771
2015-05-03,23.137567138671898,9.220778062608533,15.535475130434392,24,13.916789076063365
2015-05-04,24.269882880316857,8.767470974392381,16.44320951391151,24,15.502411905924475
2015-05-05,24.841521538628456,9.050190226236964,16.65124176873102,24,15.791331312391492
2015-05-06,25.398610432942743,8.87615627712671,16.68415510389541,24,16.522454155816032
2015-05-07,22.222063191731763,6.289906480577258,14.769330582795334,24,15.932156711154505
2015-05-08,20.84498189290366,9.343969726562534,14.92886256465207,24,11.501012166341127
2015-05-09,22.020896742079003,9.410714382595527,15.402542651141145,24,12.610182359483476
2015-05-10,20.675673760308143,8.879051378038184,14.575547988326463,24,11.796622382269959
2015-05-11,21.01807691786024,6.875871107313344,14.21886072512027,24,14.142205810546894
2015-05-12,20.639358859591994,11.478249443901916,15.48840108800818,24,9.161109415690078
2015-05-13,22.556453789605087,8.701972791883748,15.168947982788103,24,13.854480997721339
2015-05-14,23.376001993815123,5.82526821560333,14.858095084296345,24,17.550733778211793
2015-05-15,24.763211398654505,10.223731825086816,16.83714715463144,24,14.53947957356769
2015-05-16,25.002911376953136,11.255431789822069,17.489936475400583,24,13.747479587131068
2015-05-17,24.117136637369754,11.826737806532153,17.432319471571187,24,12.290398830837601
2015-05-18,22.43342115614155,8.847374471028672,15.31621935809102,24,13.586046685112876
2015-05-19,23.090133666992188,11.480321587456617,16.182236678512023,24,11.60981207953557
2015-05-20,23.744657050238743,9.559728325737863,16.300983287670007,24,14.18492872450088
2015-05-21,22.978364054361975,7.210490587022548,14.66345527083786,24,15.767873467339427
2015-05-22,23.269910007052943,6.646690538194434,14.726822111341695,24,16.623219468858508
2015-05-23,19.642301093207493,6.231394449869754,12.630870677806726,24,13.41090664333774
2015-05-24,21.213393486870643,8.242684258355041,13.71221213164155,24,12.970709228515602
2015-05-25,21.59972873263888,5.486923556857619,14.065016471015094,24,16.11280517578126
2015-05-26,22.456853230794252,10.539137776692712,16.012766025684513,24,11.91771545410154
2015-05-27,22.37098185221356,10.789148627387137,16.295182348180713,24,11.581833224826424
2015-05-28,22.706652492947,9.19415486653645,15.33203647754811,24,13.51249762641055
2015-05-29,22.54858228895398,7.373720296223951,15.153587751035348,24,15.17486199273003
2015-05-30,22.886570570204015,7.559931776258679,15.04412984494811,24,15.326638793945335
2015-05-31,22.157338799370677,10.209085761176254,15.154582553439688,24,11.948253038194423
2015-06-01,21.2493906656901,5.529022894965294,13.624639539365424,24,15.720367770724806
2015-06-02,19.085304090711816,7.812031046549464,13.06743821038142,24,11.273273044162352
2015-06-03,15.904040527343795,5.5288045247395985,11.141401488692688,24,10.375236002604197
2015-06-04,12.894682481553843,3.0943010118272696,7.4679629431830605,24,9.800381469726574
2015-06-05,15.231805419921898,-0.0261803521050296,6.888864022714121,24,15.257985772026927
2015-06-06,13.117896185980896,3.0249643961588504,7.31114436961987,24,10.092931789822046
2015-06-07,14.44141608344188,0.8914503309462134,7.556179357458059,24,13.549965752495666
2015-06-08,16.59077284071185,3.585435994466195,9.861854892306875,24,13.005336846245655
2015-06-09,18.19238993326826,1.234816148546031,10.01325231481483,24,16.95757378472223
2015-06-10,16.384901936848962,2.9029747856988024,9.31636697274669,24,13.48192715115016
2015-06-11,13.030638292100718,3.8974589029947992,8.015966005678544,24,9.13317938910592
2015-06-12,15.570732964409784,2.3151543511285126,8.402472658510574,24,13.255578613281271
2015-06-13,17.13343065049918,1.9298492431640852,9.770357979668525,24,15.203581407335093
2015-06-14,17.72286139594189,4.2982052273220575,10.13013810051814,24,13.424656168619833
2015-06-15,18.562367418077255,3.9688513861762544,10.709058733339674,24,14.593516031901
2015-06-16,18.892483181423643,4.059371270073768,11.048902596367745,24,14.833111911349874
2015-06-17,10.187473890516516,1.5426425509982664,5.778082035205998,24,8.64483133951825
2015-06-18,15.61681518554684,-1.1195061577690808,6.986820065533678,24,16.73632134331592
2015-06-19,17.26655680338547,1.766856892903661,9.073178595083753,24,15.499699910481809
2015-06-20,16.161718410915796,1.2929985894097058,8.608937609637232,24,14.86871982150609
2015-06-21,16.65790201822921,3.226093885633702,9.83274331269442,24,13.431808132595506
2015-06-22,17.415448337131068,4.551186794704904,10.375796777230732,24,12.864261542426163
2015-06-23,17.826566908094605,4.680897013346339,10.250796226218904,24,13.145669894748266
2015-06-24,18.402313232421875,3.503667873806421,10.239772796630875,24,14.898645358615454
2015-06-25,18.79530639648442,5.538974338107664,11.348795770715801,24,13.256332058376756
2015-06-26,18.12476060655388,4.600974188910584,10.920227149680825,24,13.523786417643297
2015-06-27,13.55743340386283,7.052419026692689,10.174111401593253,24,6.505014377170141
2015-06-28,18.015392727322023,7.424507988823791,11.844302481192132,24,10.590884738498232
2015-06-29,18.904831610785607,3.5400549994574817,10.760558587533462,24,15.364776611328125
2015-06-30,18.731112331814245,1.7057067871093636,10.076790421097378,24,17.02540554470488
2015-07-01,18.51317511664496,5.070761108398472,11.423521875452122,24,13.442414008246487
2015-07-02,18.472931925455725,3.840245903862865,11.80462934705947,24,14.63268602159286
2015-07-03,18.648728095160607,6.374725002712751,12.06802125153719,24,12.274003092447856
2015-07-04,18.471452840169263,4.249786376953125,11.44583413865832,24,14.221666463216138
2015-07-05,20.00907016330291,7.375420803493967,12.90204223350243,24,12.633649359808942
2015-07-06,20.989665052625924,6.263891940646715,12.873940602055322,24,14.725773111979208
2015-07-07,17.401129150390602,7.123728773328992,11.149390552662048,24,10.27740037706161
2015-07-08,17.023249986436667,4.536412217881946,10.052525273075814,24,12.486837768554722
2015-07-09,19.99290601942272,3.734035915798586,11.576548159563993,24,16.258870103624133
2015-07-10,18.872282240125912,3.772821384006079,11.063118814539038,24,15.099460856119833
2015-07-11,16.110492621527783,6.0297977023654425,10.617388802987564,24,10.08069491916234
2015-07-12,19.39503004286024,7.145347086588572,12.73235275833696,24,12.249682956271666
2015-07-13,20.914418199327255,6.676561482747388,13.027577788741505,24,14.237856716579866
2015-07-14,19.915007188585093,6.335842556423643,12.569826309769256,24,13.57916463216145
2015-07-15,19.259854465060755,7.135398695204003,12.491650263468438,24,12.124455769856752
2015-07-16,20.5955851236979,5.600237019856763,13.738364763613118,24,14.995348103841138
2015-07-17,13.125588989257835,0.8908406575521326,6.365881517198363,24,12.234748331705703
2015-07-18,17.458855183919297,2.62575242784294,9.502781564218045,24,14.833102756076357
2015-07-19,20.32148980034725,2.1405324300130246,11.304746670193152,24,18.180957370334227
2015-07-20,20.558905029296852,3.967503526475696,12.196129565768784,24,16.591401502821157
2015-07-21,20.054345703125023,5.531586710612032,12.416328882288063,24,14.52275899251299
2015-07-22,17.96753370496964,5.8145487467447765,11.49992776093661,24,12.152984958224863
2015-07-23,17.77263726128473,6.419465806749145,11.888239147045008,24,11.353171454535584
2015-07-24,15.887369113498323,7.212545098198802,11.238971088550722,24,8.67482401529952
2015-07-25,12.167348225911496,1.941397772894959,6.546552573310007,24,10.225950453016537
2015-07-26,14.033391994900173,-0.3561520046657733,6.162843845508732,24,14.389543999565946
2015-07-27,15.553356594509523,-0.1929846869574589,7.825241173638257,24,15.746341281466982
2015-07-28,16.704213121202258,3.83531799316404,9.320221046165202,24,12.868895128038218
2015-07-29,19.801246473524316,3.0488745795356067,11.808237768102586,24,16.75237189398871
2015-07-30,18.56213785807296,3.3487674289279994,9.991218114782273,24,15.213370429144959
2015-07-31,12.167364162868978,1.067041693793442,5.653369734022365,24,11.100322469075536
2015-08-01,17.139934285481786,-2.0099355061848883,8.027132217972373,24,19.149869791666674
2015-08-02,17.59356587727865,1.0697875976562727,9.400662782457154,24,16.523778279622377
2015-08-03,19.07416958279083,3.02783745659724,10.312855148315442,24,16.04633212619359
2015-08-04,21.02863057454431,1.5213053385417084,11.402087868584545,24,19.5073252360026
2015-08-05,19.4445987277561,3.477706231011325,10.90919689602324,24,15.966892496744777
2015-08-06,20.23974032931858,0.644786241319423,11.171489065664796,24,19.594954087999156
2015-08-07,21.455384318033907,4.72492913140195,12.731803343031155,24,16.730455186631957
2015-08-08,22.17701789008248,6.408967420789963,14.090695275200751,24,15.768050469292518
2015-08-09,22.28527153862848,7.551935831705748,14.580831527709982,24,14.73333570692273
2015-08-10,22.25952284071184,3.247961086697046,12.548854276869045,24,19.011561754014792
2015-08-11,17.570175849066857,6.343537055121544,11.224953418307841,24,11.226638793945312
2015-08-12,19.345822482638937,4.326291910807299,12.773491287231456,24,15.019530571831638
2015-08-13,22.202689615885447,7.6671434190538434,14.264778391520197,24,14.535546196831604
2015-08-14,23.498199123806387,4.269246419270871,14.106025031760902,24,19.228952704535516
2015-08-15,23.668073527018237,9.298358493381102,15.688354195488834,24,14.369715033637135
2015-08-16,25.557141452365443,8.209104410807242,16.730770337140115,24,17.3480370415582
2015-08-17,24.891518486870662,7.238552517361143,15.849918266578962,24,17.65296596950952
2015-08-18,24.85450846354172,8.93059556749131,16.66064875567403,24,15.92391289605041
2015-08-19,24.9934092203776,9.417227851020016,17.173406261867957,24,15.576181369357585
2015-08-20,24.228423394097263,10.796401977539062,17.248759813661948,24,13.4320214165582
2015-08-21,26.100721910264724,10.311271158854195,17.79436047871909,24,15.789450751410529
2015-08-22,27.54571363661023,13.103320990668408,19.397760687934042,24,14.442392645941823
2015-08-23,25.51344163682728,10.99348178439675,17.57322625054255,24,14.519959852430532
2015-08-24,25.646328057183155,9.028909979926198,16.988433442292397,24,16.617418077256957
2015-08-25,26.3591298421224,8.799445258246578,17.838368253354684,24,17.55968458387582
2015-08-26,26.503568861219605,12.564799669053798,19.278618508798107,24,13.938769192165807
2015-08-27,26.21618991427948,10.08057454427086,18.433207349424027,24,16.13561537000862
2015-08-28,26.466100735134543,9.973987494574658,18.604104444715723,24,16.492113240559885
2015-08-29,28.006563991970495,12.098375786675376,20.295614186039693,24,15.908188205295119
2015-08-30,27.384606255425354,12.12456902398003,20.208252546522363,24,15.260037231445324
2015-08-31,26.72686462402345,13.454984537760424,20.089547574078605,24,13.271880086263025
2015-09-01,25.0923027886285,10.28871731228304,17.591273230093506,24,14.80358547634546
2015-09-02,21.08713751898875,6.581773885091138,13.335133305302378,24,14.505363633897613
2015-09-03,19.57761433919268,4.342540486653661,11.712355465359174,24,15.23507385253902
2015-09-04,14.442939927842872,6.446164279513937,9.937044214319313,24,7.996775648328935
2015-09-05,9.28673231336802,7.6657789442274975,8.468907010113762,24,1.6209533691405227
2015-09-06,14.773326958550342,5.941938951280406,10.340603793108913,24,8.831388007269936
2015-09-07,20.160825941297787,5.467155287000878,12.774865835684325,24,14.693670654296909
2015-09-08,20.004990302191857,8.976214938693602,14.937668680261696,24,11.028775363498255
2015-09-09,23.362199232313344,10.101676093207516,16.652809425636587,24,13.260523139105828
2015-09-10,27.040427992079003,9.5789950900608,18.1117853941741,24,17.461432902018203
2015-09-11,27.649368964301175,10.129543728298644,19.28988386083533,24,17.519825236002532
2015-09-12,22.18958401150172,11.051475694444434,16.45785492791071,24,11.138108317057284
2015-09-13,24.465553453233497,10.137683783637158,16.654622438218862,24,14.327869669596339
2015-09-14,23.235330878363698,9.2659932454427,15.540256048131882,24,13.969337632920997
2015-09-15,24.01458163791233,9.456131998697913,16.29648680510345,24,14.558449639214416
2015-09-16,26.477350531684067,9.737632921006934,18.488156763712567,24,16.739717610677133
2015-09-17,26.844834052191857,12.438353135850718,19.286165731924566,24,14.406480916341138
2015-09-18,27.28094787597655,10.163798692491298,18.4361708605731,24,17.117149183485253
2015-09-19,24.233981323242176,10.00062154134116,16.575731941505726,24,14.233359781901017
2015-09-20,21.836660766601597,12.124347601996533,15.685704294840505,24,9.712313164605064
2015-09-21,20.186431545681444,11.093430921766467,15.579078236332647,24,9.093000623914977
2015-09-22,24.886137559678843,10.865404934353307,17.67655561941643,24,14.020732625325536
2015-09-23,26.976016574435732,11.377974107530406,19.53870451185439,24,15.598042466905326
2015-09-24,28.796770562066,12.65868123372394,20.877028119122546,24,16.138089328342062
2015-09-25,29.33985765245228,13.154905870225718,21.195512828120496,24,16.184951782226562
2015-09-26,29.929207356770803,12.938010999891446,21.54871769657842,24,16.991196356879357
2015-09-27,27.6950744628906,13.098554823133725,20.428700637817382,24,14.596519639756874
2015-09-28,28.853780449761302,13.751773071289108,21.415252162792076,24,15.102007378472194
2015-09-29,30.23967658148871,16.141267903645826,23.188882856015823,24,14.098408677842883
2015-09-30,29.5327158610026,16.779512871636314,23.134106134485325,24,12.753202989366287
2015-10-01,26.82550862630211,11.110256618923644,18.864148782800758,24,15.715252007378465
2015-10-02,25.6309648301866,9.003512234157995,17.72150753162527,24,16.627452596028604
2015-10-03,28.252183024088534,8.589762030707448,19.67524741843896,24,19.662420993381087
2015-10-04,30.178449842664975,12.778405761718773,22.227471711900503,24,17.400044080946202
2015-10-05,30.974193996853273,16.23249850802955,23.939988440054446,24,14.741695488823723
2015-10-06,31.65058356391063,17.245847913954037,24.187208472357877,24,14.404735649956592
2015-10-07,32.0021931966146,15.205601331922765,23.965535425256814,24,16.796591864691834
2015-10-08,32.310226101345506,17.280223592122468,24.41501738936815,24,15.030002509223038
2015-10-09,32.25517645941841,14.778141615125833,24.77101193180791,24,17.477034844292575
2015-10-10,30.636132812500023,16.349840969509557,23.708798161259423,24,14.286291842990465
2015-10-11,31.8285057915582,14.492265489366332,24.331789553606956,24,17.336240302191868
2015-10-12,30.48737555609813,14.88189629448783,22.96603147718643,24,15.605479261610299
2015-10-13,31.69719984266493,16.153352864583326,23.930741868195714,24,15.543846978081604
2015-10-14,29.729100206163253,16.063885837131068,21.928975069964384,24,13.665214369032185
2015-10-15,26.784442816840283,12.510228135850696,19.845940257884845,24,14.274214680989587
2015-10-16,26.77787543402781,10.386931355794276,17.588577991061747,24,16.39094407823353
2015-10-17,22.844749281141503,12.300146823459215,16.95323371887208,24,10.544602457682288
2015-10-18,26.333784315321168,11.348487345377634,19.03780264677826,24,14.985296969943533
2015-10-19,28.68468763563368,11.529894002278638,20.767890223750367,24,17.15479363335504
2015-10-20,26.75403611924912,13.162715657552098,19.838494307906554,24,13.59132046169702
2015-10-21,28.71772800021705,11.775661553276905,20.678495138662843,24,16.942066446940146
2015-10-22,25.922263590494826,12.709766303168408,18.989692433675152,24,13.212497287326418
2015-10-23,27.29927368164067,12.61780565049918,20.573452674018025,24,14.68146803114149
2015-10-24,29.42761094835072,15.189660644531273,21.70498407151965,24,14.237950303819446
2015-10-25,29.926645575629323,14.935841200086829,22.582073734424743,24,14.990804375542494
2015-10-26,29.331104193793408,14.74888102213538,21.125619450321913,24,14.582223171658027
2015-10-27,24.84088406032987,14.111733669704904,18.955987492314105,24,10.729150390624966
2015-10-28,27.96928270128035,12.528606499565967,20.160992544668705,24,15.440676201714382
2015-10-29,26.774187554253444,11.458025783962682,19.332206598917647,24,15.316161770290762
2015-10-30,29.09869418674043,12.488815307617188,20.808917193942616,24,16.609878879123244
2015-10-31,32.67357415093318,15.130053710937544,24.153040101793092,24,17.543520439995632
2015-11-01,32.90282524956598,15.566132948133712,25.602205615573478,24,17.336692301432265
2015-11-02,22.90423651801217,10.26228739420577,16.58829145078307,24,12.641949123806398
2015-11-03,21.65356207953556,6.381887139214427,14.370481745402026,24,15.271674940321134
2015-11-04,22.787349107530417,7.729090033637192,15.275221082899321,24,15.058259073893225
2015-11-05,25.09247572157119,8.606716918945324,16.892069385669874,24,16.485758802625867
2015-11-06,26.34212137858071,9.340716552734364,18.813074790106892,24,17.001404825846347
2015-11-07,29.596388075086793,11.211745876736131,21.977819329720962,24,18.38464219835066
2015-11-08,31.449260118272548,15.607210286458326,24.11134457058377,24,15.842049831814222
2015-11-09,33.729934353298574,16.794360690646727,25.740018901118532,24,16.935573662651848
2015-11-10,33.97465413411459,15.690215725368944,25.900097274780283,24,18.284438408745643
2015-11-11,34.57677544487848,18.868376329210093,26.86579715587476,24,15.708399115668385
2015-11-12,34.10743340386284,20.31219278971355,26.186934026082373,24,13.795240614149293
2015-11-13,33.17816026475697,19.866030883789108,25.301059115374542,24,13.31212938096786
2015-11-14,30.333848402235276,16.854145643446202,23.46520128603336,24,13.479702758789074
2015-11-15,30.625957573784778,14.744739108615477,22.194100853248898,24,15.881218465169301
2015-11-16,27.589983113606763,12.104249403211838,17.22659640842014,24,15.485733710394925
2015-11-17,25.050743950737857,11.992855834960949,17.79501926280835,24,13.057888115776908
2015-11-18,24.28088989257816,13.403372531467028,17.883506873801917,24,10.877517361111131
2015-11-19,23.929965888129345,13.199332004123278,17.00895799707484,24,10.730633884006068
2015-11-20,25.741462198893203,13.947665066189243,19.050717812997338,24,11.79379713270396
2015-11-21,25.339414808485287,10.289539252387158,17.90708372328017,24,15.04987555609813
2015-11-22,21.18371209038628,7.6405707465277715,14.527606328328462,24,13.543141343858508
2015-11-23,24.533244832356782,9.115213351779516,17.91055803652164,24,15.418031480577266
2015-11-24,27.064473809136302,10.16419270833336,19.77074074921786,24,16.900281100802943
2015-11-25,28.803445095486097,13.687709214952292,21.640305596810816,24,15.115735880533805
2015-11-26,29.897941080729197,13.767613389756946,22.145973417494048,24,16.13032769097225
2015-11-27,28.625034247504345,12.545509507920997,20.145404956958917,24,16.07952473958335
2015-11-28,21.23073527018232,11.00781928168402,16.271871213559766,24,10.222915988498299
2015-11-29,26.173656548394092,12.599220445420997,19.276964554963303,24,13.574436102973095
2015-11-30,28.095308770073757,13.699560546874975,21.703052082768192,24,14.395748223198781
2015-12-01,30.048374769422765,17.15435350206161,23.989676864058893,24,12.894021267361154
2015-12-02,29.337841457790773,17.87744479709204,23.103038971512415,24,11.460396660698734
2015-12-03,27.142938232421898,16.67676764594188,21.019564974749546,24,10.466170586480018
2015-12-04,28.6540693495009,15.149682278103285,22.25058959678368,24,13.504387071397616
2015-12-05,31.551311916775205,15.939357842339405,24.444859681306074,24,15.6119540744358
2015-12-06,33.954139879014804,18.16597663031683,25.838495183874073,24,15.788163248697973
2015-12-07,34.31302931043837,18.574976264105885,26.539891122888644,24,15.738053046332482
2015-12-08,30.135892401801243,19.713206651475673,23.737903976440446,24,10.42268575032557
2015-12-09,28.22712368435333,16.961757066514792,23.196583613642954,24,11.265366617838538
2015-12-10,33.15110304090712,18.22914632161462,26.007055254335764,24,14.921956719292496
2015-12-11,31.637668863932333,18.261807929144993,23.979513832374877,24,13.37586093478734
2015-12-12,27.507836235894104,17.443876817491343,21.649574025472017,24,10.06395941840276
2015-12-13,28.48150634765625,16.140101114908873,22.297752592298725,24,12.341405232747377
2015-12-14,27.570712619357664,15.327254231770894,21.07242068537961,24,12.24345838758677
2015-12-15,24.93634779188369,14.805328369140623,19.131803569087296,24,10.131019422743067
2015-12-16,27.196201578776083,15.6070546468099,20.925655647560415,24,11.589146931966184
2015-12-17,29.43004692925348,15.059780544704836,21.85771932248717,24,14.370266384548643
2015-12-18,29.39382120768232,15.808758205837703,22.28138785185639,24,13.585063001844615
2015-12-19,31.413867187500045,17.162708197699658,24.160453923543315,24,14.251158989800388
2015-12-20,30.6386759440104,17.7129062228733,24.128460848772985,24,12.925769721137101
2015-12-21,30.896226331922776,18.73120252821184,23.50480252018683,24,12.165023803710938
2015-12-22,32.94451700846355,16.92170037163629,25.424659870288995,24,16.022816636827258
2015-12-23,30.731827799479163,17.175082397460926,24.32416815581145,24,13.556745402018237
2015-12-24,32.734479437934056,19.721911282009557,26.201062153003846,24,13.012568155924498
2015-12-25,29.125757175021704,18.903467135959204,22.86820554380064,24,10.2222900390625
2015-12-26,26.288322618272616,16.668177625868054,20.580088777895337,24,9.620144992404562
2015-12-27,27.14444986979169,15.524450005425308,20.88372511687103,24,11.619999864366381
2015-12-28,27.749492390950536,16.856411743164074,22.369564748693406,24,10.893080647786462
2015-12-29,29.79168802897135,17.173152330186667,23.558051116378227,24,12.618535698784683
2015-12-30,29.037107340494742,15.5479766845703,22.444609423036937,24,13.489130655924443
2015-12-31,28.512654283311633,16.079939439561656,23.448618924176273,24,12.432714843749977
2016-01-01,31.863023885091195,19.551325480143248,24.39093187120227,24,12.311698404947947
2016-01-02,29.296765475802943,18.488987901475696,22.87269537183975,24,10.807777574327247
2016-01-03,28.96773986816407,16.740064832899293,23.25907828719529,24,12.227675035264777
2016-01-04,30.21544087727864,17.85187106662329,24.718627788402426,24,12.363569810655349
2016-01-05,33.89998202853735,18.09159715440541,26.139553465666598,24,15.808384874131942
2016-01-06,36.055754597981775,19.01045905219183,28.435819936681686,24,17.045295545789944
2016-01-07,36.71637437608507,21.66198866102428,29.198143951981162,24,15.05438571506079
2016-01-08,32.43079257541234,17.969897800021727,23.869246843126092,24,14.460894775390614
2016-01-09,25.62073092990454,16.12541775173611,19.641140083030432,24,9.49531317816843
2016-01-10,27.453334214952292,15.557205878363732,20.68130692376032,24,11.89612833658856
2016-01-11,26.94107903374561,15.85053202311201,20.919032767966957,24,11.0905470106336
2016-01-12,25.001403469509512,15.717013210720497,19.857897624263064,24,9.284390258789015
2016-01-13,25.40106099446615,15.373270670572936,19.86359772858798,24,10.027790323893214
2016-01-14,24.935847642686667,15.51093173556859,20.49370452033151,24,9.424915907118077
2016-01-15,24.866572062174495,15.46802775065106,19.78686485290528,24,9.398544311523434
2016-01-16,21.76794874403214,15.177490234375,18.37553843745481,24,6.5904585096571395
2016-01-17,22.066556464301183,14.77618136935763,18.337876341078022,24,7.290375094943553
2016-01-18,21.880800713433132,13.495774671766526,18.383952910811825,24,8.385026041666606
2016-01-19,24.846789211697057,15.631975640191,19.86023185164841,24,9.214813571506058
2016-01-20,24.54914008246527,15.706550767686622,19.303401339495636,24,8.84258931477865
2016-01-21,23.236982896592902,15.430502319335972,18.80984037893791,24,7.806480577256931
2016-01-22,24.263497585720472,16.78900349934895,19.835141669379343,24,7.4744940863715215
2016-01-23,25.000882297092005,16.5742333306207,20.155072897451905,24,8.426648966471305
2016-01-24,20.86802775065104,16.083418782552087,18.275881053783284,24,4.784608968098954
2016-01-25,25.458450317382812,14.67371351453994,20.127805271855113,24,10.784736802842872
2016-01-26,24.572081502278703,14.940763007269991,19.533213834409366,24,9.631318495008712
2016-01-27,26.036592610677133,14.782865736219662,19.98519523055466,24,11.25372687445747
2016-01-28,26.37740987141933,15.182627699110242,21.58632203561289,24,11.19478217230909
2016-01-29,26.67010192871095,15.9004082573785,21.250435016773377,24,10.76969367133245
2016-01-30,27.641108873155417,14.497101847330782,21.19949347884568,24,13.144007025824635
2016-01-31,26.737846204969628,14.71587388780381,21.260422106142407,24,12.021972317165819
2016-02-01,25.594211493598095,15.199529690212673,20.78499339068378,24,10.394681803385422
2016-02-02,27.94212171766492,16.17220052083337,22.03972316318089,24,11.76992119683155
2016-02-03,28.555287339952255,16.901617431640602,21.95447814376267,24,11.653669908311652
2016-02-04,28.714578925238698,15.042470296223996,21.993306901719844,24,13.672108629014701
2016-02-05,22.822317843967028,16.33473069932728,18.910136258160644,24,6.487587144639747
2016-02-06,26.118846299913173,14.336869981553832,20.372495509960043,24,11.781976318359341
2016-02-07,28.780497911241355,17.243141682942735,22.66537924872505,24,11.53735622829862
2016-02-08,25.62781439887158,16.5567762586806,19.791465787534378,24,9.071038140190979
2016-02-09,24.42151217990448,15.50543687608507,19.370225086918584,24,8.916075303819408
2016-02-10,26.133662245008736,15.960024007161508,20.22350109241628,24,10.173638237847229
2016-02-11,27.513544718424495,14.154437255859364,21.435335908112705,24,13.359107462565131
2016-02-12,28.95496385362412,14.502766927083371,22.51693533438224,24,14.452196926540747
2016-02-13,29.43847622341582,14.89478217230902,23.15529309025518,24,14.5436940511068
2016-02-14,29.369409857855885,18.2795369466146,23.241133993643306,24,11.089872911241287
2016-02-15,27.66986728244359,16.21349555121526,22.45427484865543,24,11.45637173122833
2016-02-16,30.210177273220495,19.290870836046057,24.599478135285555,24,10.919306437174438
2016-02-17,28.93993903266056,17.978174845377623,22.665669787371613,24,10.961764187282938
2016-02-18,27.03237847222221,17.445235188802087,21.061329424822784,24,9.587143283420122
2016-02-19,28.01499565972227,17.00897894965277,22.270523353859247,24,11.006016710069499
2016-02-20,29.288250054253467,18.799595811631946,23.80044626306606,24,10.488654242621521
2016-02-21,29.98644646538628,17.68360120985244,23.53155543009441,24,12.302845255533839
2016-02-22,29.472673882378444,16.64215969509553,22.51483856483743,24,12.830514187282915
2016-02-23,26.94099460177955,17.907277086046065,21.51286825957123,24,9.033717515733485
2016-02-24,26.10751139322923,17.39339192708337,20.87169472023293,24,8.71411946614586
2016-02-25,27.274734497070312,16.609852430555577,21.244368984081134,24,10.664882066514735
2016-02-26,24.625212944878513,16.748061116536462,20.232191537927708,24,7.8771518283420505
2016-02-27,25.08820224338109,15.965429348415851,20.237529316654925,24,9.12277289496524
2016-02-28,22.871494547526083,15.19115363226996,18.768062210083023,24,7.680340915256123
2016-02-29,24.243561808268225,14.39910142686631,19.176278771294495,24,9.844460381401916
2016-03-01,26.8263136121962,15.665995958116357,21.04948336283367,24,11.160317654079842
2016-03-02,27.472383965386314,13.69879252115885,21.307882633915668,24,13.773591444227463
2016-03-03,27.7411054823134,15.481921725802977,21.773324754503047,24,12.259183756510424
2016-03-04,27.971169704861097,15.070705837673644,21.87781178509749,24,12.900463867187453
2016-03-05,27.336763170030395,15.623686048719604,21.313376038162804,24,11.713077121310791
2016-03-06,27.431064181857664,15.764707099066868,21.925492745858666,24,11.666357082790796
2016-03-07,28.69839409722221,17.1981346978082,23.16721126415112,24,11.50025939941401
2016-03-08,23.541457451714393,16.762610541449646,19.98672572948315,24,6.778846910264747
2016-03-09,21.515783013237865,13.811997477213538,17.221843451040773,24,7.703785536024327
2016-03-10,22.189433458116294,14.05107998318141,17.973417395132575,24,8.138353474934885
2016-03-11,23.44464382595487,15.658222791883702,19.34250621089231,24,7.786421034071168
2016-03-12,22.176776801215283,15.185744900173574,18.11982540554471,24,6.991031901041708
2016-03-13,24.246184285481775,13.926133897569455,19.53966618290655,24,10.32005038791232
2016-03-14,23.718531290690123,15.64342617458766,18.960908734356924,24,8.075105116102463
2016-03-15,21.7642791748047,15.758331976996544,18.47232954237197,24,6.005947197808155
2016-03-16,23.551685926649327,14.392357381184922,18.87965449580441,24,9.159328545464405
2016-03-17,19.186635335286496,15.373358832465271,17.40639493023909,24,3.8132765028212248
2016-03-18,22.8044589572483,13.957052951388905,18.668018454092536,24,8.847406005859396
2016-03-19,25.3101847330729,12.461091105143224,19.551472755714702,24,12.849093627929678
2016-03-20,25.079561021592895,13.213147989908862,18.729060024685346,24,11.866413031684033
2016-03-21,25.13221333821616,10.096285671657997,17.799245693065515,24,15.035927666558164
2016-03-22,21.862910291883736,10.63023410373262,16.441574619434515,24,11.232676188151116
2016-03-23,21.51904568142362,12.897928534613698,16.719566458242927,24,8.621117146809922
2016-03-24,24.16182725694443,12.99681667751736,18.58328228703253,24,11.16501057942707
2016-03-25,24.483875868055577,11.340199449327258,18.504039156878445,24,13.143676418728319
2016-03-26,21.404691569010424,13.403665161132778,17.55932570563423,24,8.001026407877646
2016-03-27,25.14918382432728,10.796592203776015,18.310664777402536,24,14.352591620551266
2016-03-28,25.178623792860265,8.763116455078091,16.898320332279926,24,16.415507337782174
2016-03-29,26.567473347981775,13.124796549479186,19.14604127671984,24,13.442676798502589
2016-03-30,26.61542595757379,11.175422837999122,19.218379790694637,24,15.44000311957467
2016-03-31,26.67706773546007,13.797085232204893,20.097770281191234,24,12.879982503255178
2016-04-01,26.59980367024741,12.744435967339427,19.98360992714212,24,13.855367702907984
2016-04-02,26.881077406141515,14.446432834201405,21.170008567527486,24,12.43464457194011
2016-04-03,26.81586473253043,17.0918009440104,21.59157337612577,24,9.724063788520027
2016-04-04,24.204519314236165,14.620132785373244,19.000288716068983,24,9.584386528862922
2016-04-05,23.3786631266276,13.637982516818568,18.261092588636615,24,9.740680609809033
2016-04-06,16.837321641710048,8.40150214301218,13.355695611459241,24,8.435819498697867
2016-04-07,16.45121900770397,7.813470458984398,11.537873783818002,24,8.637748548719571
2016-04-08,18.55902438693579,7.933819240993955,13.151555237946702,24,10.625205145941834
2016-04-09,19.187552558051262,8.672436184353273,14.184902516117818,24,10.515116373697989
2016-04-10,21.971204969618043,10.47472195095486,16.399465391370992,24,11.496483018663183
2016-04-11,23.535631306966195,10.577615695529516,16.639828251026312,24,12.958015611436679
2016-04-12,24.315220811631946,11.550800238715285,17.531726088347273,24,12.764420572916661
2016-04-13,25.25043843587241,11.903665161132778,18.401744121975373,24,13.346773274739633
2016-04-14,25.923793199327235,12.451750352647537,19.17059751439979,24,13.472042846679699
2016-04-15,25.59021504720056,10.896478610568636,18.472729916042763,24,14.693736436631923
2016-04-16,25.57061767578125,12.783285861545153,18.772063841643163,24,12.787331814236097
2016-04-17,25.487876044379338,14.814007907443568,20.172633997599295,24,10.67386813693577
2016-04-18,25.350304158528672,12.371723090277785,19.40361691227667,24,12.978581068250888
2016-04-19,25.997365315755246,12.8127617730035,18.5661449149803,24,13.184603542751747
2016-04-20,25.901271565755223,13.160597398546033,19.72761917114258,24,12.74067416720919
2016-04-21,16.242182074652817,9.778774346245656,13.257073861581326,24,6.4634077284071605
2016-04-22,23.37471584743929,9.82485114203564,16.597418000963014,24,13.54986470540365
2016-04-23,25.14808417426218,11.311339314778706,18.09200819510002,24,13.836744859483474
2016-04-24,23.841464572482664,10.591395738389735,17.31916824623391,24,13.250068834092929
2016-04-25,25.54749179416234,11.964647420247443,18.295117272271067,24,13.582844373914897
2016-04-26,25.388281249999977,12.93679131401916,18.09305292765301,24,12.451489935980817
2016-04-27,23.137749226888047,11.160685899522605,16.726286598488148,24,11.977063327365443
2016-04-28,24.223470391167552,11.423392740885449,17.57040278116863,24,12.800077650282104
2016-04-29,25.2263319227431,9.97247755262589,17.84813800387914,24,15.25385437011721
2016-04-30,22.09062601725265,7.654918755425342,15.248245168615282,24,14.435707261827307
2016-05-01,16.377024332682254,6.667264133029562,11.498086660879641,24,9.709760199652692
2016-05-02,20.775034247504323,7.512584092881923,13.94324732179996,24,13.2624501546224
2016-05-03,22.4800994873047,7.764310031467005,15.000879965888139,24,14.715789455837694
2016-05-04,20.11079169379343,5.216949801974806,12.418123570194965,24,14.893841891818624
2016-05-05,21.25145365397134,6.11951226128474,13.302822127165632,24,15.131941392686599
2016-05-06,21.71610344780817,7.39313557942711,14.638674333360477,24,14.32296786838106
2016-05-07,21.22002733018661,6.34699028862849,14.76577932569718,24,14.87303704155812
2016-05-08,16.173081461588595,9.859526231553843,12.847981940375442,24,6.313555230034751
2016-05-09,17.196825493706626,9.082890828450502,12.447091392234533,24,8.113934665256124
2016-05-10,18.630420600043465,9.401542154947949,13.255803849962042,24,9.228878445095516
2016-05-11,20.44505140516492,9.772363959418383,14.798929807874911,24,10.672687445746538
2016-05-12,21.69158732096355,10.023827107747422,15.677315295184114,24,11.667760213216127
2016-05-13,20.891517808702304,10.272815619574658,15.469787682427318,24,10.618702189127646
2016-05-14,14.043624877929688,9.048898993598073,11.555167106345861,24,4.994725884331615
2016-05-15,16.861733669704847,8.031654866536485,12.35088281984684,24,8.830078803168362
2016-05-16,17.40748664008248,7.661899142795164,12.629343838161908,24,9.745587497287318
2016-05-17,19.9827735053168,7.304267035590328,13.570805471914793,24,12.678506469726472
2016-05-18,19.189433119032177,6.815678914388059,12.996530603479483,24,12.373754204644118
2016-05-19,19.292193603515617,7.222262573242176,13.092702145046667,24,12.069931030273441
2016-05-20,18.94013739691843,5.937112765842016,12.577187121355983,24,13.003024631076414
2016-05-21,17.66376241048181,6.371532524956649,12.115296526308425,24,11.29222988552516
2016-05-22,18.996319240993955,6.646974012586838,12.300626726503737,24,12.349345228407117
2016-05-23,18.52289191351997,6.9684573703341925,11.995633146497957,24,11.554434543185778
2016-05-24,18.12742343478732,5.711580064561645,11.616111684728558,24,12.415843370225677
2016-05-25,19.008523898654516,7.220177205403672,12.637052154541022,24,11.788346693250844
2016-05-26,15.534252929687511,6.428330485026095,10.858354865180134,24,9.105922444661417
2016-05-27,17.354960462782117,4.400618150499099,10.699518783004203,24,12.954342312283018
2016-05-28,17.946699693467906,4.611691284179756,10.864536977697314,24,13.33500840928815
2016-05-29,18.577790662977463,5.421299913194446,11.854782471833419,24,13.156490749783018
2016-05-30,18.657863362630223,6.5510796440972285,11.562459380538385,24,12.106783718532995
2016-05-31,18.443164062500045,5.179483710394948,11.364912089595096,24,13.263680352105098
2016-06-01,18.061806911892347,4.087677001953125,10.726991003531007,24,13.974129909939222
2016-06-02,18.307946777343773,5.040920003255167,11.185805878815833,24,13.267026774088606
2016-06-03,18.626156955295187,3.4372490776909785,11.06881506178116,24,15.188907877604208
2016-06-04,19.222199842664963,5.960335964626779,12.235710892853923,24,13.261863878038184
2016-06-05,18.196644422743077,4.70031907823352,11.565003204345716,24,13.496325344509557
2016-06-06,18.283104451497422,5.393334621853285,11.828139241536475,24,12.889769829644138
2016-06-07,18.059065077039975,6.787014770507881,11.9332965426975,24,11.272050306532094
2016-06-08,18.59844631618921,7.27179497612849,12.094451565212685,24,11.326651340060721
2016-06-09,18.592848036024293,6.442067125108508,11.684609928837538,24,12.150780910915785
2016-06-10,20.02277967664935,4.300193956163184,12.128382477936933,24,15.722585720486165
2016-06-11,16.781172688802087,5.899974907769092,10.962223646375877,24,10.881197781032995
2016-06-12,11.170408799913218,4.892378743489587,7.827812816478591,24,6.278030056423631
2016-06-13,7.607497829861131,4.960365464952247,6.371379442568191,24,2.6471323649088845
2016-06-14,13.26612141927086,5.904428439670198,8.804692826447678,24,7.361692979600662
2016-06-15,18.46629808213976,3.8589382595486086,10.647092805085373,24,14.607359822591153
2016-06-16,18.854868570963617,5.073631795247422,10.890779848451984,24,13.781236775716195
2016-06-17,18.582552761501745,2.764839341905372,10.446311837655541,24,15.817713419596373
2016-06-18,17.505218505859375,6.922433810763891,11.491186707108113,24,10.582784695095484
2016-06-19,19.69917093912761,8.039872911241332,12.980323890403476,24,11.65929802788628
2016-06-20,20.83993496365019,7.335443454318636,13.205314268889266,24,13.504491509331555
2016-06-21,19.859628974066823,5.671157497829881,11.950625695122623,24,14.188471476236941
2016-06-22,16.50603875054253,5.809733072916686,10.289017401801232,24,10.696305677625844
2016-06-23,16.56830037434895,3.3008409288194116,10.445614002369078,24,13.26745944552954
2016-06-24,17.268534681532174,5.981554497612876,11.117600575199845,24,11.286980183919297
2016-06-25,17.430257161458314,5.4658742268879905,10.688234682436354,24,11.964382934570324
2016-06-26,17.737866210937455,5.08954942491323,10.400211743955266,24,12.648316786024225
2016-06-27,17.79371236165366,2.127796766493077,9.338213433159735,24,15.665915595160584
2016-06-28,18.788470458984364,1.1223185221354015,9.691755351313843,24,17.666151936848962
2016-06-29,19.032356770833303,1.9145701090495209,10.479115012840007,24,17.117786661783782
2016-06-30,19.212686157226585,5.019968668619811,10.893820600156447,24,14.192717488606775
2016-07-01,20.682325236002555,2.632080417209238,11.695978814584246,24,18.050244818793317
2016-07-02,15.047168307834228,3.7480428059895985,8.586884731716589,24,11.29912550184463
2016-07-03,14.455282253689234,3.1459733751085537,7.966006215413422,24,11.30930887858068
2016-07-04,15.525318060980908,1.5699459499783188,8.281480308815292,24,13.955372111002589
2016-07-05,15.893951755099865,1.7640784369574476,8.23641806708443,24,14.129873318142417
2016-07-06,19.25951300726996,1.9132236056857437,9.965099998756704,24,17.346289401584215
2016-07-07,17.64868910047744,1.383224826388869,9.725337205109797,24,16.265464274088572
2016-07-08,17.14813334147135,4.767817857530417,9.901820105093506,24,12.380315483940933
2016-07-09,19.063047281900992,1.2533253987630817,9.904392228303145,24,17.80972188313791
2016-07-10,17.6692040337457,2.826416015625,9.70491566128202,24,14.8427880181207
2016-07-11,17.653902859157995,2.610906982421909,9.429840963858156,24,15.042995876736086
2016-07-12,18.545493910047753,3.0894256591796534,10.467613347371431,24,15.4560682508681
2016-07-13,17.43452860514327,1.214266628689245,9.088659667968765,24,16.220261976454026
2016-07-14,16.87030402289497,2.300767347547776,9.104888689959509,24,14.569536675347194
2016-07-15,16.473063829210105,4.52252841525609,9.767941722163465,24,11.950535413954015
2016-07-16,16.578918796115488,3.858584933810789,9.935962479202855,24,12.720333862304699
2016-07-17,14.932082790798631,3.682035997178843,9.234363810221375,24,11.250046793619788
2016-07-18,17.30931701660154,1.8077551947700383,10.00388511375146,24,15.501561821831501
2016-07-19,18.11307508680557,3.672935655381991,10.95554822285972,24,14.440139431423578
2016-07-20,19.993036905924495,6.47846103244359,12.254716576470285,24,13.514575873480904
2016-07-21,21.122280544704893,3.347347683376711,12.457327369407382,24,17.774932861328182
2016-07-22,22.058210923936656,3.6667633056640625,12.563920805189348,24,18.391447618272593
2016-07-23,18.857809109157984,1.8274973551432367,9.621758355034741,24,17.030311754014747
2016-07-24,17.687242296006957,1.0394439697265625,9.914582513879864,24,16.647798326280395
2016-07-25,13.288129679361989,6.243525526258679,9.640465898867015,24,7.044604153103309
2016-07-26,11.452851698133657,0.8260667588975821,7.8561386108398565,24,10.626784939236074
2016-07-27,11.829822794596396,-3.3850548638237683,4.053683711864347,24,15.214877658420164
2016-07-28,14.695008680555588,-2.08165690104164,5.97210831818759,24,16.77666558159723
2016-07-29,15.259326171874989,-1.0132317437065694,6.487180978280539,24,16.272557915581558
2016-07-30,17.01050788031688,0.398498874240488,7.8732116134078565,24,16.61200900607639
2016-07-31,18.378842502170187,2.71818610297305,10.674068182486083,24,15.660656399197137
2016-08-01,13.166303507486989,1.9821923149957,6.9101452721489975,24,11.184111192491288
2016-08-02,18.3931915283203,0.1008826361762089,8.921451399061432,24,18.292308892144092
2016-08-03,18.360801188151072,3.764507039388036,9.257421761971948,24,14.596294148763036
2016-08-04,15.118721177842872,0.5121310763889255,6.814021922923914,24,14.606590101453946
2016-08-05,19.465981377495662,1.2427914089626595,9.893435838487418,24,18.223189968533003
2016-08-06,22.142559475368955,4.791695827908029,13.070122853031878,24,17.350863647460926
2016-08-07,23.200290256076418,6.340334404839439,13.685645647402177,24,16.85995585123698
2016-08-08,22.331872558593773,4.265123155381957,12.475982030232755,24,18.066749403211816
2016-08-09,20.107661607530417,1.3399970160589874,11.014714855617958,24,18.76766459147143
2016-08-10,22.04314710828993,7.212204657660607,13.755352684303581,24,14.830942450629323
2016-08-11,22.007295735677133,2.5761644151475593,12.53662348146793,24,19.431131320529573
2016-08-12,21.90251871744789,4.115153333875867,13.452173812301083,24,17.787365383572023
2016-08-13,20.810046047634557,4.062246025933177,12.977186358416525,24,16.74780002170138
2016-08-14,22.79088711208766,7.1714603000216925,14.404956450285745,24,15.619426812065967
2016-08-15,23.283059353298597,5.412661064995689,14.892897499932209,24,17.87039828830291
2016-08-16,20.941764322916697,8.285046386718761,13.958501321298108,24,12.656717936197936
2016-08-17,20.218774753146704,6.422675577799453,13.112969702261482,24,13.796099175347251
2016-08-18,20.32836541069878,6.924650065104174,13.096982857033062,24,13.403715345594605
2016-08-19,22.296787177191845,6.424714491102463,14.409324787281198,24,15.872072686089382
2016-08-20,23.508346557617188,11.03563503689236,16.908884034333415,24,12.472711520724827
2016-08-21,24.705665079752578,6.865418836805588,15.036323222407608,24,17.84024624294699
2016-08-22,18.275291273329003,4.220459323459238,10.999446035314499,24,14.054831949869765
2016-08-23,18.540868123372434,1.8030134412977643,9.585334608289946,24,16.73785468207467
2016-08-24,21.96531711154512,2.8602718777126483,12.316964142410853,24,19.10504523383247
2016-08-25,24.621323649088534,6.995152452256946,15.44735847755716,24,17.62617119683159
2016-08-26,26.381931898329015,8.981029595269092,17.423704260366943,24,17.400902303059922
2016-08-27,24.543308851454015,7.677831013997377,15.791269683837896,24,16.865477837456638
2016-08-28,26.079145304361987,7.394285413954037,16.681340860437484,24,18.68485989040795
2016-08-29,27.298868136935823,9.886465115017415,18.36791831122505,24,17.412403021918408
2016-08-30,27.37122022840714,10.74879218207468,18.488313660798266,24,16.62242804633246
2016-08-31,25.681846110026015,9.028041924370656,17.27585192079898,24,16.65380418565536
2016-09-01,25.257673475477414,8.002977159288207,16.456396328961418,24,17.254696316189207
2016-09-02,25.22547912597662,6.595822821723118,16.01225934911659,24,18.6296563042535
2016-09-03,26.155056762695324,7.635584513346373,16.972640171757458,24,18.51947224934895
2016-09-04,25.740122138129323,7.899730767144092,17.224464586046018,24,17.84039137098523
2016-09-05,25.799239434136325,10.701574707031284,18.02141319557475,24,15.097664727105041
2016-09-06,26.826652018229197,10.747238837348108,19.313814092565476,24,16.07941318088109
2016-09-07,27.79829305013027,12.537702772352477,20.373307150381596,24,15.260590277777792
2016-09-08,28.89660508897572,14.220728556315123,22.018946174339032,24,14.675876532660595
2016-09-09,29.17327677408855,14.51703626844619,21.616151414094166,24,14.656240505642359
2016-09-10,28.90301784939237,13.37377217610674,20.61904764528629,24,15.52924567328563
2016-09-11,24.367923651801277,10.697539944118944,17.19439177336517,24,13.670383707682333
2016-09-12,25.64155883789067,10.74439222547744,18.324569334807226,24,14.89716661241323
2016-09-13,27.845847913953943,11.889878336588596,19.473252557825173,24,15.955969577365346
2016-09-14,22.232524956597217,11.359021335178,16.371059629652247,24,10.873503621419218
2016-09-15,26.387547810872434,11.12946099175349,19.10036994086373,24,15.258086819118944
2016-09-16,28.12228190104167,13.770661417643224,20.536834688539866,24,14.351620483398447
2016-09-17,21.91307373046874,9.592706976996569,14.93952098422581,24,12.32036675347217
2016-09-18,10.794392564561631,6.009081013997388,8.29924194901079,24,4.785311550564243
2016-09-19,17.28986409505211,6.198960706922776,11.503171708848752,24,11.090903388129334
2016-09-20,23.009245130750912,9.405137125651096,15.740927731549313,24,13.604108005099816
2016-09-21,26.65130581325957,10.096312120225718,18.3065778096517,24,16.55499369303385
2016-09-22,28.787246025933143,11.93018324110244,20.56530090614602,24,16.857062784830703
2016-09-23,29.890003797743077,9.20082499186202,19.81624077690973,24,20.689178805881056
2016-09-24,27.880568101670978,8.308568657769115,18.526051203409832,24,19.571999443901863
2016-09-25,27.469235907660615,8.776401435004402,18.8252021930836,24,18.692834472656212
2016-09-26,26.78882412380648,12.12976515028214,19.279221089681005,24,14.659058973524342
2016-09-27,26.930757649739633,12.37841627332898,19.840649428191014,24,14.552341376410652
2016-09-28,24.39946831597223,10.004311794704847,17.38168922706888,24,14.395156521267381
2016-09-29,24.50121799045138,5.693957519531239,15.44460637127912,24,18.80726047092014
2016-09-30,26.34699774848093,7.812013753255201,17.506389730948005,24,18.53498399522573
2016-10-01,27.360740831163184,11.72630750868052,18.998034597326214,24,15.634433322482664
2016-10-02,23.159682210286466,6.455741712782128,14.904708791662157,24,16.703940497504338
2016-10-03,19.4742390950521,5.161604817708337,12.288517252604175,24,14.312634277343761
2016-10-04,20.772170342339393,5.47137824164497,12.827409687748675,24,15.300792100694423
2016-10-05,25.116020033094628,5.636233520507858,16.17877970095035,24,19.47978651258677
2016-10-06,30.588911946614644,8.899068874782984,21.060353625262238,24,21.68984307183166
2016-10-07,31.887455579969583,13.02290649414067,22.62078466062194,24,18.864549085828912
2016-10-08,28.28295152452256,13.910804578993066,20.188518411141864,24,14.372146945529494
2016-10-09,24.38161519368492,9.477466498480908,16.892987555044687,24,14.904148695204011
2016-10-10,27.14203152126737,8.759113566080714,18.39140886377406,24,18.382917955186656
2016-10-11,31.13696560329862,11.900290256076405,22.025771755642378,24,19.236675347222217
2016-10-12,31.689594184027783,11.46702168782548,22.033916317975095,24,20.222572496202304
2016-10-13,28.564786783854174,12.506405639648449,19.81230810659904,24,16.058381144205725
2016-10-14,27.23212178548181,11.16209988064236,19.098281733194995,24,16.07002190483945
2016-10-15,29.628453233507003,11.366500854492188,21.417022012781228,24,18.261952379014815
2016-10-16,29.874225870768218,17.856886800130212,23.26751841792355,24,12.017339070638005
2016-10-17,28.62727288140195,14.016534084743968,20.891580482765498,24,14.610738796657982
2016-10-18,24.79390733506949,11.46479831271705,17.27094451056588,24,13.32910902235244
2016-10-19,22.65191650390625,11.904373168945312,16.446712776466672,24,10.747543334960938
2016-10-20,22.999900648329003,13.183662584092872,18.07138250845452,24,9.816238064236131
2016-10-21,24.037763807508725,13.970063273111975,18.119433070995196,24,10.06770053439675
2016-10-22,27.924577840169263,12.755212741427954,19.543693952207228,24,15.16936509874131
2016-10-23,27.05572645399303,15.834983317057263,20.766981534604685,24,11.220743136935768
2016-10-24,27.49064127604169,14.61706373426648,20.568678368462457,24,12.873577541775209
2016-10-25,27.74498189290364,10.744769965277785,20.176858845463517,24,17.000211927625855
2016-10-26,26.489152357313344,14.866436767578136,19.97270130581327,24,11.622715589735208
2016-10-27,29.859155951605885,14.91760762532556,22.18734123795122,24,14.941548326280325
2016-10-28,30.83734775119359,14.358123779296877,23.50806024339465,24,16.479223971896715
2016-10-29,31.82483215332036,17.910798814561645,25.110651835688845,24,13.914033338758717
2016-10-30,32.951623874240454,18.689778306749133,25.12423807779949,24,14.26184556749132
2016-10-31,34.01955261230472,14.42053833007816,25.28737048396359,24,19.599014282226562
2016-11-01,31.63549363878036,16.607849460177988,22.73419295416939,24,15.027644178602372
2016-11-02,29.77069634331599,14.860313924153672,20.986431135954703,24,14.910382419162318
2016-11-03,28.679126315646727,15.108091905381968,21.303926157068343,24,13.571034410264758
2016-11-04,29.961887613932277,15.793780178493932,22.932287555270733,24,14.168107435438344
2016-11-05,23.209487915039062,15.748623657226574,19.760744744760032,24,7.460864257812489
2016-11-06,27.089203219943556,16.043937852647616,21.717095311482755,24,11.04526536729594
2016-11-07,26.07226833767362,16.23260362413197,20.26273920977558,24,9.839664713541652
2016-11-08,26.049050225151916,15.081478203667588,19.84178667421695,24,10.967572021484328
2016-11-09,26.80048556857639,15.30798916286892,20.590881785640022,24,11.492496405707472
2016-11-10,27.09993489583337,14.711412217881955,20.460584739402503,24,12.388522677951416
2016-11-11,22.812046644422765,15.048353068033862,18.59385910034181,24,7.763693576388903
2016-11-12,24.774924384223084,14.72925143771704,17.828103962651017,24,10.045672946506045
2016-11-13,26.54484422471785,12.176440090603307,19.629757379602513,24,14.368404134114542
2016-11-14,26.66316833496097,10.357253011067712,18.587427888093185,24,16.30591532389326
2016-11-15,22.61717054578992,13.15631374782987,16.63921422605163,24,9.460856797960052
2016-11-16,24.336587524414085,12.160491943359377,18.126484538890704,24,12.176095581054708
2016-11-17,27.79677429199222,14.151223076714416,20.266189674094885,24,13.645551215277806
2016-11-18,26.836712646484383,11.508703274197046,19.291833185266576,24,15.328009372287337
2016-11-19,21.016390652126745,12.6331776936849,15.638959376017267,24,8.383212958441845
2016-11-20,24.558949449327255,12.55879143608945,17.905726100780356,24,12.000158013237805
2016-11-21,23.6684746636285,13.461141967773472,18.079200052332002,24,10.20733269585503
2016-11-22,26.503607177734352,13.390557183159729,20.478380499945754,24,13.113049994574624
2016-11-23,24.205849202473985,15.687160915798644,19.757236579612456,24,8.51868828667534
2016-11-24,20.23480258517793,15.314014350043408,17.364635679456928,24,4.920788235134523
2016-11-25,23.73856777615015,13.714886135525203,17.522625647650838,24,10.023681640624945
2016-11-26,23.97948065863716,13.336364067925388,18.672044881184913,24,10.643116590711774
2016-11-27,23.310093180338583,13.297529093424489,17.934631234628192,24,10.012564086914095
2016-11-28,28.246881103515648,14.664020792643214,21.14365822120951,24,13.582860310872434
2016-11-29,30.186803521050365,15.26917012532556,23.527067806102618,24,14.917633395724804
2016-11-30,31.12366807725698,17.7165673149957,24.025131197328935,24,13.40710076226128
2016-12-01,30.77990892198352,16.24781799316412,24.370413193879315,24,14.5320909288194
2016-12-02,28.033730061848985,13.310602823893248,20.812466812133795,24,14.723127237955737
2016-12-03,27.379667833116287,13.69982265896266,21.187075311166275,24,13.679845174153627
2016-12-04,30.781347317165853,16.442188178168408,23.22770570825648,24,14.339159138997445
2016-12-05,26.154456244574703,15.67308349609374,20.101090056807912,24,10.481372748480963
2016-12-06,25.90506184895833,15.19006958007816,20.020349997061285,24,10.714992268880168
2016-12-07,27.369169786241343,15.779022894965294,21.539624376650227,24,11.59014689127605
2016-12-08,27.739576551649293,15.540200127495666,21.863405524359823,24,12.199376424153627
2016-12-09,27.197684733072947,16.97789035373262,21.921747490211775,24,10.219794379340328
2016-12-10,27.867746649848073,16.766286553276927,21.94541262873898,24,11.101460096571145
2016-12-11,23.529108344184067,15.853489515516516,19.170946022316272,24,7.675618828667551
2016-12-12,24.94390292697483,15.686113484700511,19.444778089170107,24,9.257789442274317
2016-12-13,26.29388902452257,15.249483913845497,20.3865113011113,24,11.044405110677074
2016-12-14,23.38811882866753,15.740071953667552,18.71123636033801,24,7.648046874999977
2016-12-15,23.52039015028214,15.033603922526028,19.045793165983984,24,8.486786227756111
2016-12-16,27.404913330078102,15.268940226236964,21.568000256573715,24,12.135973103841138
2016-12-17,27.42351447211377,16.329759385850707,21.672896900883444,24,11.093755086263062
2016-12-18,26.69913838704429,15.640728081597215,21.169941174542473,24,11.058410305447074
2016-12-19,29.625283813476585,15.823022460937525,22.143331753766102,24,13.80226135253906
2016-12-20,29.91533881293401,14.89318779839408,23.142288547092026,24,15.02215101453993
2016-12-21,29.034003702799453,16.825883992513013,21.976567148279273,24,12.20811971028644
2016-12-22,29.93706325954861,15.506854587131102,23.068085409093793,24,14.430208672417507
2016-12-23,30.193508911132824,18.168983629014747,24.15497074833624,24,12.024525282118077
2016-12-24,27.77735087076826,18.47043728298615,22.25116458468968,24,9.306913587782109
2016-12-25,17.333692084418374,12.832491726345497,14.631846858836996,24,4.501200358072877
2016-12-26,17.967950100368967,13.01414896647134,15.272840754191092,24,4.953801133897626
2016-12-27,23.06884596082898,14.889651489257858,18.978911915531874,24,8.179194471571122
2016-12-28,21.94864535861541,16.529070705837682,18.577881551671926,24,5.419574652777726
2016-12-29,22.574436442057333,15.119237263997377,18.735559308087403,24,7.4551991780599565
2016-12-30,23.818648274739587,15.96119181315106,19.452346575701696,24,7.8574564615885265
2016-12-31,25.69825134277346,14.677069091796907,20.39155435915347,24,11.021182250976553
2017-01-01,28.616428290473095,14.12610575358076,21.86516823945223,24,14.490322536892336
2017-01-02,27.012492879231782,15.93904317220057,21.704291562680854,24,11.073449707031212
2017-01-03,26.51073506673174,16.00396965874569,21.15931944670502,24,10.506765407986052
2017-01-04,21.169785902235276,15.141883002387146,17.258696803340214,24,6.027902899848129
2017-01-05,24.239107598198817,14.385578409830714,19.198738974112057,24,9.853529188368103
2017-01-06,24.965222507052943,14.906208631727452,19.702942586828176,24,10.05901387532549
2017-01-07,19.028489854600707,16.416462198893214,17.63298618175367,24,2.612027655707493
2017-01-08,17.81884494357638,14.72571546766494,16.17070323802808,24,3.0931294759114394
2017-01-09,22.20063476562501,13.920567491319504,17.49720840454103,24,8.280067274305507
2017-01-10,24.62017991807727,13.961614990234407,19.34060102392127,24,10.658564927842862
2017-01-11,22.412075466579893,14.045232815212673,18.654449462890632,24,8.36684265136722
2017-01-12,24.000239054362,15.005255126953102,19.804759018509486,24,8.9949839274089
2017-01-13,24.826975843641492,16.23476325141064,19.672734027438704,24,8.592212592230851
2017-01-14,24.13515692816844,16.673015001085048,20.085137882939105,24,7.46214192708339
2017-01-15,24.39874674479165,15.9414238823785,19.84781788013601,24,8.457322862413152
2017-01-16,24.619718424479174,13.22534349229602,19.210150980066384,24,11.394374932183155
2017-01-17,22.756020779079904,10.91760423448352,16.513992888839173,24,11.838416544596384
2017-01-18,23.810737101236953,8.25824347601997,16.346349603158465,24,15.552493625216982
2017-01-19,26.69811197916664,10.144702487521728,20.08438334994847,24,16.553409491644913
2017-01-20,28.070949639214405,13.58611619737411,21.663983436867053,24,14.484833441840294
2017-01-21,25.592694769965306,15.279275512695335,20.103390276873572,24,10.31341925726997
2017-01-22,24.84964836968311,15.936087375217028,19.97770446494775,24,8.913560994466081
2017-01-23,25.356668429904516,14.597275797526038,20.24564107259116,24,10.759392632378479
2017-01-24,26.20238884819878,16.011952718098996,21.09106181109394,24,10.190436130099783
2017-01-25,25.683543226453992,16.505834960937534,20.207394197252075,24,9.177708265516458
2017-01-26,20.36470811631943,16.601917860243077,17.95180644282589,24,3.7627902560763538
2017-01-27,19.831709120008725,15.068992106119822,17.1222790612115,24,4.762717013888903
2017-01-28,23.49700622558595,16.209023030598985,19.26272807651097,24,7.287983194986964
2017-01-29,25.25444878472223,13.226632351345472,20.112241165726292,24,12.027816433376756
2017-01-30,22.75825737847225,15.17316860622833,18.643585162692617,24,7.585088772243921
2017-01-31,24.530241224500855,15.618201361762146,19.57877549065484,24,8.912039862738709
2017-02-01,25.65565897623702,13.811341688368088,19.903597259521497,24,11.844317287868932
2017-02-02,25.08381212022573,14.143498060438333,20.346751686378763,24,10.940314059787397
2017-02-03,23.90200703938808,16.07270134819879,19.99267921447755,24,7.82930569118929
2017-02-04,22.622648111979174,14.952175903320324,18.827883826361777,24,7.67047220865885
2017-02-05,23.471609497070347,16.066553412543385,19.581509470056616,24,7.4050560845269615
2017-02-06,24.019147745768237,16.851785956488754,20.081782178525582,24,7.167361789279482
2017-02-07,21.54051683213976,16.037313503689234,18.70927964669687,24,5.503203328450528
2017-02-08,25.290697903103307,15.766564941406273,20.2906251412851,24,9.524132961697035
2017-02-09,26.043179660373255,16.278627522786508,20.597382029780647,24,9.764552137586747
2017-02-10,24.69622260199651,15.961297607421898,20.02034859833894,24,8.734924994574612
2017-02-11,23.81164381239148,14.60615370008685,19.276648217660416,24,9.20549011230463
2017-02-12,24.558438449435755,14.746120876736086,20.09477899339465,24,9.81231757269967
2017-02-13,25.645380655924495,15.673515828450547,20.736088703296808,24,9.971864827473947
2017-02-14,25.63572998046874,15.883904012044296,20.645570938675498,24,9.751825968424443
2017-02-15,24.550936550564245,17.62849087185333,20.604451907122588,24,6.922445678710915
2017-02-16,25.25573120117184,15.737399631076414,20.343036510326254,24,9.518331570095427
2017-02-17,23.765763346354163,16.420989990234375,19.273441046255616,24,7.344773356119788
2017-02-18,23.50445522732207,16.00799458821615,19.616825273301874,24,7.496460639105919
2017-02-19,24.92442932128904,15.900926717122388,20.27375895182293,24,9.023502604166652
2017-02-20,19.053296576605874,14.811261325412318,16.99178475273981,24,4.242035251193556
2017-02-21,17.620701090494777,13.399819946289083,15.107054547910344,24,4.220881144205693
2017-02-22,18.77205946180561,13.427054850260449,15.95896332352252,24,5.345004611545162
2017-02-23,16.72753736707898,12.930386013454893,14.632378966720026,24,3.7971513536240877
2017-02-24,19.033261447482687,13.322646077473962,16.16283453482171,24,5.710615370008725
2017-02-25,23.253040907118137,14.441264512803798,18.405739748919455,24,8.81177639431434
2017-02-26,24.453320651584193,12.678520372178866,18.773150239167403,24,11.774800279405326
2017-02-27,21.1804043240017,15.308989122178843,17.695199457804367,24,5.871415201822856
2017-02-28,21.23480021158855,13.179866536458348,17.195931752522807,24,8.0549336751302
2017-03-01,23.9741190592448,13.228454928927931,18.814706067685737,24,10.745664130316868
2017-03-02,24.224033270941845,15.15382283528652,18.70220670346863,24,9.070210435655325
2017-03-03,24.398143513997468,15.024207560221328,18.921553972032346,24,9.37393595377614
2017-03-04,24.422864108615443,14.159481811523449,18.925116560194237,24,10.263382297091994
2017-03-05,24.16182522243929,14.190728081597284,19.32126476146559,24,9.971097140842007
2017-03-06,24.84978705512151,14.60973748101128,19.497839878223573,24,10.24004957411023
2017-03-07,25.01167060004343,13.780100843641492,19.335986102068876,24,11.231569756401939
2017-03-08,25.25946146647135,11.77636684841582,18.99746144612631,24,13.48309461805553
2017-03-09,24.71624518500431,11.98822937011721,17.643676658912952,24,12.728015814887101
2017-03-10,20.51032138400609,10.01460842556429,14.861058878015598,24,10.4957129584418
2017-03-11,21.822675916883725,7.477258300781273,15.140057415432414,24,14.345417616102452
2017-03-12,24.603828260633748,10.025149875216982,18.33083698131421,24,14.578678385416765
2017-03-13,24.132415093315956,13.231867133246569,18.465374543931766,24,10.900547960069387
2017-03-14,24.401889038085983,13.324793497721371,19.225734809592932,24,11.077095540364612
2017-03-15,24.755100165473095,14.151904635959228,19.253661459463626,24,10.603195529513867
2017-03-16,25.40986701117623,13.994025675455704,19.47220807958534,24,11.415841335720527
2017-03-17,24.34838731553822,13.631917995876734,18.681921951859103,24,10.716469319661485
2017-03-18,27.132349650065123,13.563387722439243,20.636836680659556,24,13.56896192762588
2017-03-19,23.967549302842883,13.456625366210972,18.26745814570675,24,10.510923936631912
2017-03-20,23.578324381510413,11.681934950086829,17.362852817111563,24,11.896389431423584
2017-03-21,24.911850653754357,10.66640285915804,17.672678742585376,24,14.245447794596316
2017-03-22,25.338019137912283,10.636799452039952,18.368893503259734,24,14.701219685872331
2017-03-23,25.104274156358485,11.790074327257004,18.581288217615207,24,13.314199829101481
2017-03-24,24.72173055013019,12.895375908745676,18.818357086181646,24,11.826354641384514
2017-03-25,24.56433275010852,12.08459235297306,17.985647540622292,24,12.47974039713546
2017-03-26,21.20534634060334,13.812170749240464,16.535845339739776,24,7.393175591362878
2017-03-27,22.988676622178843,12.820823160807322,17.211236204924422,24,10.167853461371521
2017-03-28,26.746015421549487,11.361675686306455,19.609142684936536,24,15.384339735243032
2017-03-29,26.771356879340317,14.034894476996556,20.194371668497727,24,12.736462402343761
2017-03-30,26.12793545193142,13.206320190429665,19.5738925933838,24,12.921615261501756
2017-03-31,27.394902547200505,12.589123874240444,19.973764956439,24,14.805778672960061
2017-04-01,27.819110785590283,13.751904975043374,20.89410161618834,24,14.067205810546909
2017-04-02,25.21257527669269,14.462135823567737,19.704360594572858,24,10.750439453124953
2017-04-03,27.48616163465715,13.740764702690967,20.89161011024759,24,13.745396931966184
2017-04-04,25.042874484592005,13.849028184678843,19.948268240469485,24,11.193846299913162
2017-04-05,26.688613213433143,15.097530110677098,20.966603667647764,24,11.591083102756045
2017-04-06,25.08508911132816,14.181392076280416,19.252951685587576,24,10.903697035047744
2017-04-07,21.5090301513672,14.093958875868054,16.96600208988898,24,7.415071275499145
2017-04-08,21.92908494737412,13.243201022677964,17.032278936880623,24,8.685883924696155
2017-04-09,23.475937228732676,11.479879421657984,17.804396156028464,24,11.996057807074692
2017-04-10,23.6977508544922,14.032373385959204,18.09858377244739,24,9.665377468532995
2017-04-11,21.685706244574646,11.903512234157972,16.355040119312438,24,9.782194010416674
2017-04-12,21.55023532443579,11.619577365451448,15.94714752479838,24,9.930657958984341
2017-04-13,18.34356214735243,11.989973619249156,15.33003723709672,24,6.353588528103273
2017-04-14,20.794545491536496,10.895263671875,15.272054912425874,24,9.899281819661496
2017-04-15,21.438823106553855,7.250658501519069,14.094824854532897,24,14.188164605034785
2017-04-16,20.514857991536473,8.05218302408855,13.949480494746458,24,12.462674967447924
2017-04-17,20.755646430121544,6.665209282769126,13.578800399215147,24,14.090437147352418
2017-04-18,21.803686523437538,6.807417805989587,14.249106385972768,24,14.99626871744795
2017-04-19,21.674667697482676,7.48717888726128,14.061379665798624,24,14.187488810221396
2017-04-20,21.82746344672313,7.613279215494799,14.034478180496796,24,14.21418423122833
2017-04-21,21.090928819444457,8.271908230251768,14.49254499364784,24,12.81902058919269
2017-04-22,21.25640496148003,5.6699228922526,14.906120992589896,24,15.58648206922743
2017-04-23,19.89636942545576,7.480665079752612,13.99091378671153,24,12.415704345703148
2017-04-24,17.81292249891493,10.400048149956604,13.737351876718044,24,7.412874348958326
2017-04-25,17.295557657877623,9.662268744574646,13.147242906358521,24,7.633288913302977
2017-04-26,18.127500745985287,8.791343519422753,13.148473259254752,24,9.336157226562534
2017-04-27,18.686620754665796,8.289765082465294,13.599482402095104,24,10.396855672200502
2017-04-28,20.51495327419707,8.67402411566843,14.906104377464025,24,11.840929158528638
2017-04-29,20.100977579752623,8.725508965386325,14.384656510529707,24,11.375468614366298
2017-04-30,20.26570197211373,9.578602091471396,14.476333279079867,24,10.687099880642336
2017-05-01,19.584924316406273,8.71491292317711,14.260047432228395,24,10.870011393229163
2017-05-02,19.50925021701391,8.50739610460073,13.807730229695645,24,11.00185411241318
2017-05-03,21.154939778645826,8.405406697591161,14.602459660282852,24,12.749533081054665
2017-05-04,21.431968858506934,9.412051391601551,15.31313039991592,24,12.019917466905383
2017-05-05,21.461522081163196,10.622005886501768,15.883662866663053,24,10.839516194661428
2017-05-06,21.344869995117165,10.710957845052064,15.463361090200932,24,10.6339121500651
2017-05-07,22.159573025173643,11.396312798394147,16.232811638161003,24,10.763260226779495
2017-05-08,20.807338799370655,9.87561882866754,15.425490739610474,24,10.931719970703115
2017-05-09,20.02247382269968,8.885908677842906,14.681912627043559,24,11.136565144856775
2017-05-10,21.229219902886257,10.5190460205078,15.354646004570867,24,10.710173882378458
2017-05-11,21.00152655707467,8.67187771267362,14.851656355681255,24,12.32964884440105
2017-05-12,20.686443752712705,8.055596923828148,12.878112241956936,24,12.630846828884557
2017-05-13,9.684000651041686,5.331357489691868,7.465565603750733,24,4.3526431613498175
2017-05-14,11.343238661024316,2.252654012044274,7.314473710236736,24,9.090584648980041
2017-05-15,17.752976820204026,6.165821329752589,11.304816097683393,24,11.587155490451437
2017-05-16,18.214686075846373,4.947593858506934,10.817424844812479,24,13.267092217339439
2017-05-17,17.773963758680566,3.257973564995666,10.075611552485727,24,14.5159901936849
2017-05-18,18.54387546115447,5.006453450520837,11.897540579901822,24,13.537422010633634
2017-05-19,19.41222262912328,8.117743259006147,13.261530289826581,24,11.294479370117134
2017-05-20,20.499910481770826,7.475820244683177,13.852873286494505,24,13.024090237087648
2017-05-21,21.252226765950525,8.698675537109409,14.374877463446749,24,12.553551228841116
2017-05-22,20.64516465928824,7.850065104166674,12.998965100888858,24,12.795099555121567
2017-05-23,20.73478834364147,6.808399793836827,12.859999847412125,24,13.926388549804642
2017-05-24,20.237663777669297,4.234373304579037,11.803587171766507,24,16.00329047309026
2017-05-25,19.80824042426218,4.46894768608945,12.0208475607413,24,15.33929273817273
2017-05-26,21.230334133572057,6.296238878038196,13.029083181310591,24,14.934095255533862
2017-05-27,21.959752739800365,6.257136705186667,13.354194372671634,24,15.702616034613698
2017-05-28,16.85909288194449,3.603903876410584,10.023616592972376,24,13.255189005533907
2017-05-29,15.51415506998694,5.0266072591145985,9.509358229460553,24,10.487547810872341
2017-05-30,15.739603339301254,3.3273695203993157,9.158172875863547,24,12.412233818901939
2017-05-31,17.02330050998262,3.296028984917541,9.848403054696554,24,13.727271525065078
2017-06-01,19.893421766493077,3.3451972113715556,11.234814043398266,24,16.54822455512152
2017-06-02,19.82013583713109,6.14637315538198,12.673191169456217,24,13.67376268174911
2017-06-03,19.89934828016493,6.205410088433155,12.615722952948696,24,13.693938191731775
2017-06-04,19.558325873480896,3.7333777533636976,11.552926621613691,24,15.824948120117199
2017-06-05,20.281904432508668,5.017191229926254,12.075008067378306,24,15.264713202582413
2017-06-06,18.68250054253474,4.5354488796658075,11.130017979939787,24,14.147051662868932
2017-06-07,19.04602288140194,4.674469672308987,11.94311972724068,24,14.371553209092951
2017-06-08,13.979672241210949,0.9862294514974224,7.941939615320287,24,12.993442789713527
2017-06-09,17.841784667968795,-1.8863060845268933,7.79048685144496,24,19.72809075249569
2017-06-10,15.562090725368932,2.9192850748697765,8.49180778220849,24,12.642805650499156
2017-06-11,18.616477118598084,4.0778656005859375,10.748980670505107,24,14.538611518012146
2017-06-12,19.93284437391492,5.162572224934934,12.000063606544785,24,14.770272148979988
2017-06-13,22.27158135308156,6.662833997938378,13.367716146398479,24,15.608747355143183
2017-06-14,22.079814995659778,7.417697143554676,14.033638636271172,24,14.662117852105101
2017-06-15,21.644247097439234,6.798556857638857,13.481205947310848,24,14.845690239800376
2017-06-16,19.629955376519092,3.9975792778862456,11.648612170749246,24,15.632376098632847
2017-06-17,18.957290988498244,6.527060275607653,12.673188372011554,24,12.430230712890591
2017-06-18,17.669291856553855,5.63762885199651,11.571948496500667,24,12.031663004557345
2017-06-19,17.08661499023441,6.758004082573848,11.197469852588803,24,10.328610907660561
2017-06-20,19.48103129069011,4.9775044759114735,11.95063209533694,24,14.503526814778638
2017-06-21,19.635478040907117,5.713991292317701,12.038872245506015,24,13.921486748589416
2017-06-22,20.379432169596384,5.827349175347251,12.848252529568162,24,14.552082994249133
2017-06-23,18.25946655273441,3.4869015163845347,10.41868536207412,24,14.772565036349874
2017-06-24,16.141975911458303,3.7896874321832,8.99752417670357,24,12.352288479275103
2017-06-25,18.09265848795576,4.455403984917552,10.506863897818109,24,13.637254503038207
2017-06-26,16.81501871744797,1.640860663519959,9.927827001501031,24,15.17415805392801
2017-06-27,16.611472574869822,6.2734859890408075,10.71615633081508,24,10.337986585829015
2017-06-28,18.6721337212457,4.737232123480908,11.42989090813532,24,13.934901597764792
2017-06-29,18.86268615722656,0.5352610270182367,9.608217691492166,24,18.327425130208322
2017-06-30,17.989883422851562,4.268211534288184,10.791000705295154,24,13.721671888563378
2017-07-01,17.329003906249966,5.649241129557311,10.756937804045512,24,11.679762776692655
2017-07-02,17.85640835232209,3.536259969075502,11.10758139998826,24,14.32014838324659
2017-07-03,19.43760375976558,8.689811876085116,12.934238137139227,24,10.747791883680463
2017-07-04,17.16065741644968,6.666236707899316,11.102624455204728,24,10.494420708550365
2017-07-05,18.702944268120632,6.352733696831592,11.622032575254087,24,12.35021057128904
2017-07-06,19.394562106662303,5.160786946614621,11.391537560357,24,14.233775160047681
2017-07-07,15.628845214843809,4.218785603841127,9.86781370374892,24,11.410059611002682
2017-07-08,12.732805718315944,5.01777479383685,8.799117505108883,24,7.715030924479095
2017-07-09,18.56416931152347,4.298106214735242,10.817585598980955,24,14.26606309678823
2017-07-10,21.348113335503456,5.563059488932311,12.934887977882669,24,15.785053846571145
2017-07-11,21.999122789170997,6.703008694118978,13.778169405901892,24,15.296114095052019
2017-07-12,22.269336615668408,7.130623711480041,14.461331346299927,24,15.138712904188367
2017-07-13,22.330590481228285,9.810217285156227,14.892095141940658,24,12.520373196072057
2017-07-14,20.486482747395826,8.137708536783862,14.026449556703936,24,12.348774210611964
2017-07-15,20.1971455891927,8.422220865885436,13.558046538741515,24,11.774924723307265
2017-07-16,18.802407497829847,3.934520806206592,10.980594762166346,24,14.867886691623255
2017-07-17,16.462919108072924,0.7770789252386976,7.802068441885498,24,15.685840182834227
2017-07-18,16.864906480577304,1.470126342773426,8.620178067242671,24,15.394780137803878
2017-07-19,18.761918131510413,2.094682142469651,9.805909799646463,24,16.667235989040762
2017-07-20,19.122712537977463,1.5910719129774409,10.111515059294538,24,17.531640625000023
2017-07-21,19.90900878906251,4.425988769531273,10.857435212311929,24,15.483020019531239
2017-07-22,20.076245456271693,3.668065049913253,11.24181505839031,24,16.40818040635844
2017-07-23,20.500450981987797,4.515235731336816,11.866782449792943,24,15.985215250650981
2017-07-24,18.35272623697915,1.4980509440104584,10.027774952076106,24,16.854675292968693
2017-07-25,18.91442735460072,3.315905761718738,11.13931412873446,24,15.59852159288198
2017-07-26,19.72270609537759,3.753964911566868,11.570705654003012,24,15.968741183810721
2017-07-27,18.563161553276927,4.770322672526049,11.22144146672003,24,13.792838880750878
2017-07-28,19.47193773057728,2.3135698106553946,11.13570018344457,24,17.158367919921886
2017-07-29,18.857511054144993,3.481237453884546,11.039351244326001,24,15.376273600260447
2017-07-30,19.566579522026927,4.180164591471396,11.508866995352307,24,15.386414930555532
2017-07-31,17.592751057942678,5.125802951388891,10.784636603461392,24,12.466948106553787
2017-08-01,17.71795213487411,6.006661648220472,11.174441613091366,24,11.711290486653638
2017-08-02,19.680137125651072,6.69985012478304,13.430111863878055,24,12.980287000868032
2017-08-03,21.22317979600689,5.314611816406227,14.124473303335689,24,15.908567979600662
2017-08-04,18.946885172526095,7.609734090169297,13.621998073436606,24,11.337151082356797
2017-08-05,20.77888353135847,5.301227145724795,12.996140797932954,24,15.477656385633676
2017-08-06,21.065655517578193,4.937406073676243,12.769477448640062,24,16.12824944390195
2017-08-07,19.92719997829863,2.281969536675319,12.40517126012733,24,17.645230441623312
2017-08-08,19.703573269314234,4.416869439019081,12.582496586552386,24,15.286703830295153
2017-08-09,19.788439602322057,6.7040476481120095,13.09817944279425,24,13.084391954210048
2017-08-10,21.223908827039907,6.250350273980075,13.445481660630977,24,14.973558553059831
2017-08-11,22.3274112277561,6.441467963324669,14.045425923665377,24,15.885943264431432
2017-08-12,22.74962429470486,6.198568725585972,14.470228548403158,24,16.551055569118887
2017-08-13,22.34300435384114,7.349195692274293,14.874557240804043,24,14.993808661566845
2017-08-14,22.49055175781251,4.373218790690089,14.423735230057337,24,18.117332967122422
2017-08-15,22.799232652452247,7.986234537760481,15.051660806161403,24,14.812998114691766
2017-08-16,22.0125918918186,7.102121988932311,14.931029001871758,24,14.910469902886291
2017-08-17,10.9033369276259,2.615994601779505,6.24348935727722,24,8.287342325846394
2017-08-18,15.147693549262158,1.923797946506056,7.987449857923728,24,13.223895602756102
2017-08-19,15.766394042968727,1.7834452311197992,8.529287112200711,24,13.982948811848928
2017-08-20,16.189299858940956,2.6485110812716925,9.308566142894607,24,13.540788777669263
2017-08-21,20.358663601345484,2.3630201551649748,11.875993869922782,24,17.99564344618051
2017-08-22,22.731158447265617,5.755931260850673,13.663898637559685,24,16.975227186414944
2017-08-23,17.813468424479197,2.868868679470495,9.268369646425606,24,14.944599745008702
2017-08-24,20.534456041124145,1.1762898763020644,11.16333999633791,24,19.35816616482208
2017-08-25,20.620326741536473,5.398394436306489,12.271454818160462,24,15.221932305229984
2017-08-26,18.85901387532556,5.242306179470461,11.96101043136033,24,13.616707695855098
2017-08-27,21.206032986111097,6.453442043728273,13.468541025232398,24,14.752590942382824
2017-08-28,21.480872599283884,8.963748847113777,14.568686478226285,24,12.517123752170107
2017-08-29,22.516252983940944,8.235521104600707,15.305426731816057,24,14.280731879340237
2017-08-30,24.863318549262203,10.465919325086816,16.821169323391402,24,14.397399224175388
2017-08-31,24.558879937065967,7.477839491102429,16.690019197817215,24,17.081040445963538
2017-09-01,22.89087626139326,8.425663248697902,15.267055384318047,24,14.465213012695358
2017-09-02,20.377217271592883,5.216621229383691,12.39611579047311,24,15.160596042209193
2017-09-03,22.998799641927064,5.156862386067758,14.372056282891181,24,17.841937255859307
2017-09-04,22.20757988823783,6.543190850151916,14.186369436758556,24,15.664389038085915
2017-09-05,21.895760091145803,5.931238132052954,13.978923246595613,24,15.964521959092849
2017-09-06,26.06158243815105,9.414380221896693,17.83782286467377,24,16.647202216254357
2017-09-07,27.84562988281249,10.814136420355908,19.62309862772624,24,17.03149346245658
2017-09-08,28.468103705512135,13.831836954752646,21.050650448269327,24,14.63626675075949
2017-09-09,29.2658827039931,11.66412726508247,20.930695922286443,24,17.60175543891063
2017-09-10,29.12568868001307,13.12547810872394,21.031763981006772,24,16.00021057128913
2017-09-11,30.16370273166234,12.9711934407552,22.273921811139147,24,17.19250929090714
2017-09-12,29.815234714084227,13.82440829806859,21.824190252798587,24,15.990826416015636
2017-09-13,28.050659857855862,10.822480943467896,19.750511056405543,24,17.228178914387968
2017-09-14,29.789276801215298,14.613852267795153,21.770495238127538,24,15.175424533420145
2017-09-15,28.20520189073352,12.8813612196181,20.257547590467674,24,15.32384067111542
2017-09-16,29.35478922526039,13.77337917751737,20.930121697319883,24,15.58141004774302
2017-09-17,24.460257297092028,10.461717732747443,17.402397946958207,24,13.998539564344584
2017-09-18,22.405315483940967,9.604337565104174,15.913403871324334,24,12.800977918836793
2017-09-19,25.162059868706592,10.73083835177954,17.923193698459205,24,14.431221516927053
2017-09-20,26.933794826931432,13.217187839084204,20.166350216335733,24,13.716606987847229
2017-09-21,26.855988566080725,12.151223754882835,19.28093552766024,24,14.70476481119789
2017-09-22,29.08064473470057,11.488080173068568,20.50409544485588,24,17.592564561632003
2017-09-23,31.054725138346328,11.788050333658871,21.559669946741185,24,19.266674804687455
2017-09-24,25.040581258138047,9.92254435221355,17.391872603804995,24,15.118036905924498
2017-09-25,25.867353990342902,12.888292100694455,18.05636469523114,24,12.979061889648447
2017-09-26,23.664388699001737,9.125756157769104,16.37756449381511,24,14.538632541232634
2017-09-27,24.990229966905417,4.9709903293185675,15.953987898650004,24,20.01923963758685
2017-09-28,20.961342366536485,10.905142890082516,15.761670190316673,24,10.056199476453969
2017-09-29,21.866799587673658,10.09814080132378,15.130158389056172,24,11.768658786349878
2017-09-30,25.19179755316844,9.554169718424475,17.148090291906296,24,15.637627834743963
2017-10-01,25.58026496039497,11.403430175781295,17.407186098451984,24,14.176834784613675
2017-10-02,22.399185180664062,13.024321831597206,16.325034092090768,24,9.374863349066857
2017-10-03,25.27411566840277,11.462392171223996,18.311460268938987,24,13.811723497178775
2017-10-04,26.186420016818545,12.702266099717916,19.613864375926834,24,13.48415391710063
2017-10-05,18.545738389756934,10.966828748914963,13.619388495551227,24,7.578909640841971
2017-10-06,19.43902011447483,11.148620944552931,15.233935617517545,24,8.290399169921898
2017-10-07,20.149501885308155,9.276932779947913,15.186924263283073,24,10.872569105360242
2017-10-08,22.534591674804688,8.725727674696202,14.427408995451765,24,13.808864000108485
2017-10-09,20.4295644124349,7.447304619683166,14.48318658051668,24,12.982259792751734
2017-10-10,16.331034342447936,4.120634969075525,10.319321893762671,24,12.210399373372411
2017-10-11,21.010910712348107,3.184193250868077,12.823782362761333,24,17.82671746148003
2017-10-12,23.73572048611112,8.644760131835938,16.90988977220324,24,15.090960354275182
2017-10-13,23.35200568305123,7.961637030707436,16.368047558819807,24,15.390368652343795
2017-10-14,23.929613918728307,8.634124755859375,16.82667482164172,24,15.295489162868932
2017-10-15,28.801430596245662,13.072609795464416,20.374090562043378,24,15.728820800781246
2017-10-16,27.804598320855064,9.26862013075089,19.043085225423187,24,18.535978190104174
2017-10-17,22.369826592339393,7.414296129014758,14.650134715327523,24,14.955530463324635
2017-10-18,25.71423068576388,6.246882459852429,16.859013084129053,24,19.46734822591145
2017-10-19,28.449925740559877,11.11981845431859,20.288133946171524,24,17.330107286241287
2017-10-20,29.683999633789085,13.25871514214407,21.045030212402356,24,16.425284491645016
2017-10-21,21.99634331597224,13.127531602647592,16.668888007269985,24,8.868811713324648
2017-10-22,23.50456441243489,13.592125786675354,18.11984747427483,24,9.912438625759535
2017-10-23,24.961292521158896,12.895279269748244,19.439339531792545,24,12.066013251410652
2017-10-24,25.737360636393248,14.296288723415842,20.031977674696197,24,11.441071912977407
2017-10-25,28.31731160481769,14.94306979709205,22.12571279737685,24,13.374241807725639
2017-10-26,27.585776435004338,16.525197347005246,22.052179915816712,24,11.060579087999091
2017-10-27,25.403253173828148,8.826069471571202,16.53759717588073,24,16.577183702256946
2017-10-28,12.36041191948783,7.778838433159763,10.390481327198188,24,4.581573486328068
2017-10-29,16.907694159613754,9.230942111545176,13.451702372233088,24,7.676752048068579
2017-10-30,24.441753133138036,8.388533867730018,17.123892226042596,24,16.053219265408018
2017-10-31,26.48029852973093,10.82581210666234,19.326870063499175,24,15.65448642306859
2017-11-01,27.34148084852427,11.989357842339473,20.03958546673811,24,15.352123006184797
2017-11-02,28.118558756510424,12.313392808702249,20.51446370725279,24,15.805165947808176
2017-11-03,28.86231282552086,12.871528116861953,21.2976114626284,24,15.990784708658907
2017-11-04,30.769983588324635,13.467045423719696,22.268298933241116,24,17.30293816460494
2017-11-05,29.06650492350263,12.687345038519991,21.697728757505075,24,16.37915988498264
2017-11-06,31.684238009982664,15.296300930447046,23.346553717719203,24,16.387937079535618
2017-11-07,31.156888495551243,13.667891777886268,23.1632244957818,24,17.488996717664975
2017-11-08,29.804501342773392,11.597368706597251,20.47430682712132,24,18.20713263617614
2017-11-09,26.94848904079862,10.292028469509546,18.487590577867312,24,16.656460571289074
2017-11-10,27.391704983181455,12.78343878851996,20.140713656390165,24,14.608266194661494
2017-11-11,28.939379882812545,11.91895073784724,21.09261696426958,24,17.020429144965306
2017-11-12,27.129685804579022,15.890827772352452,19.75130671748409,24,11.23885803222657
2017-11-13,28.869717407226577,15.118652682834238,21.713319863213457,24,13.75106472439234
2017-11-14,28.92096862792971,15.415077379014804,21.86046259844746,24,13.505891248914907
2017-11-15,25.63255716959634,9.338296508789083,18.644578877201795,24,16.294260660807254
2017-11-16,16.445102606879345,6.218642849392381,11.029295871875918,24,10.226459757486964
2017-11-17,20.80951029459635,4.511324395073814,13.115602083559404,24,16.298185899522537
2017-11-18,25.141571384006113,8.659433322482641,17.278872129652253,24,16.48213806152347
2017-11-19,27.41656358506941,10.303056844075511,20.081817782366723,24,17.1135067409939
2017-11-20,29.51371968587239,15.38928968641494,22.285084674976503,24,14.124429999457448
2017-11-21,31.020551893446168,16.697675238715306,23.489581411856204,24,14.322876654730862
2017-11-22,29.191253662109375,15.118116251627612,20.6663329795555,24,14.073137410481763
2017-11-23,26.943623182508706,13.569561767578136,19.158701621161587,24,13.37406141493057
2017-11-24,25.683580186631957,13.361275566948848,18.271712253711865,24,12.32230461968311
2017-11-25,16.034844292534785,8.657870144314245,13.31082659120915,24,7.37697414822054
2017-11-26,23.460823567708303,8.706533135308177,16.807713459156194,24,14.754290432400126
2017-11-27,21.949902682834193,10.941918945312525,16.128924164948653,24,11.007983737521668
2017-11-28,23.115955946180577,10.672645060221384,16.76196947450992,24,12.443310885959193
2017-11-29,25.24749213324651,13.211736043294309,18.978304121229403,24,12.035756089952201
2017-11-30,26.521718343098996,13.454211086697056,20.102808719211158,24,13.06750725640194
2017-12-01,26.376811048719617,15.097748819986975,20.583692578916214,24,11.279062228732641
2017-12-02,22.76521267361113,14.817280748155383,17.79658177693686,24,7.947931925455748
2017-12-03,28.509213595920187,15.622355482313369,21.884252364547176,24,12.886858113606818
2017-12-04,27.024499511718773,15.036646525065123,20.009247843424486,24,11.98785298665365
2017-12-05,14.99769694010422,11.924708726670984,13.802646467420798,24,3.072988213433236
2017-12-06,20.304882134331592,11.565357123480908,15.406707749543378,24,8.739525010850684
2017-12-07,20.00726691351997,11.404089016384546,15.105042846114562,24,8.603177897135424
2017-12-08,21.312839762369777,11.022627427842906,16.400412269874877,24,10.29021233452687
2017-12-09,24.32698025173613,11.881778971354208,18.555849089445903,24,12.445201280381923
2017-12-10,25.782334052191857,12.47548590766064,18.301287502712686,24,13.306848144531216
2017-12-11,23.07379014756941,13.42327982584635,18.050522811324505,24,9.650510321723061
2017-12-12,27.55175408257378,15.363951280381968,20.586829531634304,24,12.187802802191811
2017-12-13,24.59558817545576,13.687277560763905,18.654874038696295,24,10.908310614691855
2017-12-14,26.26075405544708,10.563583034939256,19.22534189577458,24,15.697171020507824
2017-12-15,24.072317504882847,13.029094780815967,18.167891410545092,24,11.04322272406688
2017-12-16,25.866670057508657,12.293644205729152,19.730098413538062,24,13.573025851779505
2017-12-17,28.294094170464405,15.233557128906284,22.13431599934897,24,13.06053704155812
2017-12-18,29.0907189263238,16.58667907714846,22.619417049266687,24,12.504039849175339
2017-12-19,24.993614705403616,17.26214396158855,20.914705912272144,24,7.731470743815066
2017-12-20,24.660660807291663,16.835492621527806,20.51468459235299,24,7.825168185763857
2017-12-21,27.238330756293465,14.942364841037318,20.990225657710337,24,12.295965915256147
2017-12-22,23.639732191297753,16.750884670681444,19.664491512157316,24,6.888847520616309
2017-12-23,27.409725952148392,15.386529541015648,21.722052694250042,24,12.023196411132744
2017-12-24,27.54155578613279,17.724964057074715,21.732915864167406,24,9.816591729058075
2017-12-25,30.483558485243066,16.19242892795137,23.34692508556226,24,14.291129557291697
2017-12-26,25.357640923394115,15.398951890733484,19.67206768459745,24,9.958689032660631
2017-12-27,23.262208048502657,14.21892496744789,18.185437463831025,24,9.043283081054767
2017-12-28,29.564351060655383,14.511323716905396,21.792287247269243,24,15.053027343749987
2017-12-29,28.43062065972219,16.325486924913207,22.102474424574126,24,12.105133734808984
2017-12-30,24.744046020507824,15.7468377007379,18.955875071772827,24,8.997208319769923
2017-12-31,30.058401828342028,15.386041937934069,22.080346453631375,24,14.672359890407959
2018-01-01,30.343962944878513,15.987118191189268,22.883689626057947,24,14.356844753689245
2018-01-02,27.376082017686656,12.921839396158871,19.991134714197234,24,14.454242621527785
2018-01-03,25.032465277777817,12.237470838758725,18.843744659423848,24,12.794994439019092
2018-01-04,26.58550550672743,12.280070326063424,19.506415812174488,24,14.305435180664006
2018-01-05,30.15038214789496,12.729220581054731,22.318100201642086,24,17.421161566840226
2018-01-06,32.70331183539497,14.555107964409729,25.0380677258527,24,18.148203870985242
2018-01-07,33.37262980143231,15.221704779730942,25.091932438038025,24,18.15092502170137
2018-01-08,33.27894388834636,15.89941847059464,24.880134299949372,24,17.379525417751722
2018-01-09,27.283970472547765,15.515785725911428,20.523876614040812,24,11.768184746636337
2018-01-10,22.87120802137588,15.030015733506955,18.384843571980813,24,7.841192287868926
2018-01-11,23.178942532009557,14.08705105251738,18.4834213115551,24,9.091891479492178
2018-01-12,28.675660196940157,13.66676398383254,21.37849838821978,24,15.008896213107617
2018-01-13,30.016265530056444,14.596532864040851,23.14788767496746,24,15.419732666015593
2018-01-14,30.06269734700527,16.347179497612842,23.801503103750743,24,13.715517849392427
2018-01-15,32.56623772515189,16.811671617296042,24.236051163850018,24,15.754566107855851
2018-01-16,28.59677191840279,16.136471218533018,22.286187518084507,24,12.460300699869773
2018-01-17,30.10705329047312,14.67426350911461,22.996412164193618,24,15.432789781358512
2018-01-18,29.87050374348962,17.614277140299464,23.402850525467496,24,12.256226603190157
2018-01-19,29.51582539876307,15.375916883680532,22.880665927463127,24,14.139908515082539
2018-01-20,29.3979305691189,15.931727769639735,23.12823548493563,24,13.466202799479163
2018-01-21,30.407574801974818,17.308572048611097,23.376124572753913,24,13.09900275336372
2018-01-22,27.813318549262135,16.13165249294707,21.56117372866031,24,11.681666056315066
2018-01-23,26.679936726888,16.2691796196832,21.000458173398638,24,10.410757107204798
2018-01-24,25.80990125868055,16.87122395833336,20.075064157556614,24,8.93867730034719
2018-01-25,26.92267015245227,15.745467461480018,21.003071085611985,24,11.177202690972251
2018-01-26,26.314605712890625,15.880105251736095,20.916244747020595,24,10.43450046115453
2018-01-27,25.460524495442712,15.323773532443624,20.17749225475171,24,10.136750962999088
2018-01-28,26.31140814887152,15.356490071614587,19.740981151439538,24,10.954918077256934
2018-01-29,23.105002170138903,14.26709730360244,18.519456566704662,24,8.837904866536462
2018-01-30,23.892603217230885,14.971468098958326,18.723021260014303,24,8.92113511827256
2018-01-31,24.726406182183155,14.30616522894968,19.2653719160292,24,10.420240953233474
2018-02-01,25.469879828559044,15.061690266927087,19.910901458175104,24,10.408189561631957
2018-02-02,27.897560628255235,16.438213772243955,21.257610575358083,24,11.45934685601128
2018-02-03,27.841049872504357,15.086163330078136,20.8465212221499,24,12.75488654242622
2018-02-04,26.27871738009981,16.080468071831604,20.83611790692365,24,10.198249308268206
2018-02-05,26.725880262586827,15.736512247721407,20.91897851449474,24,10.98936801486542
2018-02-06,27.652971394856763,15.689518229166652,20.89425215544525,24,11.963453165690112
2018-02-07,26.309777832031216,16.31586168077257,19.93124658090097,24,9.993916151258645
2018-02-08,22.76947021484375,15.097628784179676,18.524648609867807,24,7.671841430664074
2018-02-09,23.780112033420096,13.883843994140648,19.360241995917438,24,9.896268039279448
2018-02-10,25.277866617838527,14.82274746365016,20.143088799935807,24,10.455119154188367
2018-02-11,25.686291842990443,15.310311550564222,19.78571811252171,24,10.37598029242622
2018-02-12,24.63236321343317,14.429662746853296,19.835407483136226,24,10.202700466579874
2018-02-13,25.955242919921886,14.389071655273485,20.318012830946195,24,11.566171264648402
2018-02-14,25.02583550347219,13.22956034342451,19.447841036761258,24,11.796275160047681
2018-02-15,18.180205959743944,14.891632419162365,16.165284333405683,24,3.288573540581579
2018-02-16,25.54645114474829,12.352988009982653,19.255577101530868,24,13.193463134765636
2018-02-17,26.900682237413207,12.522998385959228,20.8778906080458,24,14.377683851453979
2018-02-18,24.468099636501737,15.412043253580748,20.502328039098675,24,9.056056382920989
2018-02-19,24.418562147352475,16.795468139648506,19.659916842425332,24,7.623094007703969
2018-02-20,25.742164442274316,15.79920620388458,20.383357690881812,24,9.942958238389735
2018-02-21,23.97056681315104,16.405866834852475,19.312284992359313,24,7.564699978298567
2018-02-22,20.727500745985253,15.082883707682356,17.538245377717214,24,5.644617038302897
2018-02-23,19.322856309678855,12.492591349283884,15.614880526507358,24,6.83026496039497
2018-02-24,22.647329033745677,12.610852389865444,17.85684000651042,24,10.036476643880233
2018-02-25,23.962795003255223,12.857681952582482,18.711257171630876,24,11.105113050672742
2018-02-26,20.15821058485244,11.131997002495666,15.953910643966127,24,9.026213582356775
2018-02-27,21.63871968587239,14.157642618815146,17.733133669252773,24,7.481077067057242
2018-02-28,23.665945095486165,14.449596489800284,18.741289152922455,24,9.216348605685882
2018-03-01,25.74707166883684,12.654723782009512,20.195585434525114,24,13.092347886827326
2018-03-02,26.01318291558158,13.758474392361109,19.829315524631085,24,12.254708523220472
2018-03-03,26.183907741970472,12.741897583007812,19.662908695362244,24,13.44201015896266
2018-03-04,26.37848409016931,13.791123792860276,19.633130363181795,24,12.587360297309033
2018-03-05,27.679836697048582,14.196241251627612,20.387629247594763,24,13.48359544542097
2018-03-06,27.303379313151083,13.891127861870643,21.163052099722417,24,13.41225145128044
2018-03-07,26.14459804958767,15.208630710177944,19.920186021592894,24,10.935967339409727
2018-03-08,20.681615193684937,13.778219604492222,17.044254712705282,24,6.903395589192716
2018-03-09,25.15045708550349,12.34643283420138,18.666420689335585,24,12.80402425130211
2018-03-10,24.29106648763019,13.619873046875,18.50526816756638,24,10.67119344075519
2018-03-11,23.041338094075513,14.081227281358508,18.02452714708117,24,8.960110812717005
2018-03-12,25.92989739312071,14.48706665039066,20.263870309900366,24,11.44283074273005
2018-03-13,25.157685004340298,14.290141465928798,19.341183824892404,24,10.8675435384115
2018-03-14,26.894535658094583,14.68568386501738,20.012831850405096,24,12.208851793077203
2018-03-15,27.72833930121527,15.655546739366343,20.90681574786151,24,12.072792561848928
2018-03-16,27.548969523111964,14.737400987413196,20.396688546074767,24,12.811568535698768
2018-03-17,18.871574910481797,12.73639729817711,15.637028277361848,24,6.1351776123046875
2018-03-18,20.939453125,13.934846327039908,16.726993687947616,24,7.004606797960092
2018-03-19,23.302975463867146,14.766508314344662,18.019806770042152,24,8.536467149522483
2018-03-20,24.89336208767361,14.769346449110287,19.33152900978372,24,10.124015638563321
2018-03-21,23.569711981879323,13.266356065538218,17.86868182994702,24,10.303355916341104
2018-03-22,15.561610921223972,12.347497558593773,14.352811106929076,24,3.214113362630199
2018-03-23,16.51357116699222,12.181493801540796,14.012576336330847,24,4.3320773654514255
2018-03-24,22.368485514322913,12.059184434678798,16.989160297535097,24,10.309301079644115
2018-03-25,23.81745402018231,12.00441284179692,17.709662614045335,24,11.81304117838539
2018-03-26,23.279324679904505,11.53320583767362,17.51393576727974,24,11.746118842230885
2018-03-27,22.84989624023433,13.337141927083335,17.76589397854276,24,9.512754313150994
2018-03-28,23.86458774142795,14.044007703993088,18.426811161747693,24,9.820580037434862
2018-03-29,22.847257826063412,12.239110989040851,17.76334917986836,24,10.608146837022561
2018-03-30,22.82954440646705,13.163541327582491,18.11104866310404,24,9.66600307888456
2018-03-31,23.302936130099795,15.33967997233077,18.481852001614058,24,7.963256157769024
2018-04-01,22.1596720377604,13.362723117404528,17.428693531177668,24,8.796948920355874
2018-04-02,21.588094753689234,13.577173190646704,16.834351278234422,24,8.01092156304253
2018-04-03,22.439985487196168,12.787335544162374,17.280340364244257,24,9.652649943033794
2018-04-04,20.867953830295107,13.222080824110265,16.887080807156043,24,7.645873006184843
2018-04-05,20.126212904188375,12.076633368598095,15.684039659853342,24,8.04957953559028
2018-04-06,22.88183085123694,10.504079522026927,16.534796721846977,24,12.377751329210014
2018-04-07,23.64899122450089,10.694353230794263,17.64611256917319,24,12.954637993706626
2018-04-08,23.993020968967016,12.78991224500868,18.204100022492593,24,11.203108723958337
2018-04-09,20.353116183810755,13.684001329210105,16.643175534848815,24,6.66911485460065
2018-04-10,22.091276719835093,12.03931613498264,16.9598270557545,24,10.051960584852454
2018-04-11,18.694816419813375,12.789383951822913,15.061283309371397,24,5.905432467990462
2018-04-12,15.5659189860026,12.280628458658896,13.773491725215223,24,3.2852905273437045
2018-04-13,18.349326578776072,10.252778455946157,14.63384785122342,24,8.096548122829915
2018-04-14,21.899511040581615,9.5866804334853,15.25258944476093,24,12.312830607096314
2018-04-15,21.04117940266929,10.303217569986998,15.659882934005184,24,10.737961832682291
2018-04-16,19.530674574110265,10.66339755588109,14.779400394580996,24,8.867277018229174
2018-04-17,17.676910739474863,9.579074774848095,13.78328166537816,24,8.097835964626768
2018-04-18,19.201450941297765,9.89695773654512,14.408773620040341,24,9.304493204752644
2018-04-19,21.33105841742622,9.406043836805566,15.748802566528333,24,11.925014580620655
2018-04-20,19.265650431315123,10.202586873372413,14.702754225554306,24,9.06306355794271
2018-04-21,20.679293145073757,8.975629001193568,14.786868300261332,24,11.70366414388019
2018-04-22,21.41617397732205,7.362315877278661,13.999562383581102,24,14.053858100043389
2018-04-23,22.25464104546444,9.536719089084215,15.87241675765427,24,12.717921956380223
2018-04-24,23.876450602213534,11.874429321289083,17.02142884996203,24,12.00202128092445
2018-04-25,23.8199422200521,7.674607679578969,16.43760497481735,24,16.14533454047313
2018-04-26,22.36623229980472,8.444290839301232,15.528501058507862,24,13.92194146050349
2018-04-27,23.227692667643225,11.66285671657988,17.133120642768016,24,11.564835951063346
2018-04-28,22.251563178168396,8.117140367295974,15.999281890304013,24,14.134422810872422
2018-04-29,22.273205227322023,12.063709174262158,16.941017391063557,24,10.209496053059866
2018-04-30,20.453928968641492,9.189553154839416,15.199733677616836,24,11.264375813802076
2018-05-01,19.025363159179733,10.170139227973095,13.928950133147081,24,8.855223931206638
2018-05-02,20.071998087565134,8.073540581597229,13.651450277257858,24,11.998457505967906
2018-05-03,20.412392171223985,7.0505801730685675,13.230323212235083,24,13.361811998155417
2018-05-04,19.47142435709634,5.017932467990477,11.66345302440503,24,14.453491889105862
2018-05-05,20.383146837022593,5.949718560112842,12.392992401123054,24,14.433428276909751
2018-05-06,21.073335774739576,7.012356567382824,13.261518845734784,24,14.060979207356752
2018-05-07,21.239731174045176,6.882180107964416,13.978580587881597,24,14.35755106608076
2018-05-08,20.392012193467902,4.839077758789074,12.755190460770237,24,15.552934434678829
2018-05-09,22.131077745225696,7.319535319010413,15.083683268229173,24,14.811542426215283
2018-05-10,22.221163262261314,10.7034922281901,15.721772836755832,24,11.517671034071213
2018-05-11,20.902544148763013,7.965583292643203,14.475098956072783,24,12.93696085611981
2018-05-12,20.157950168185774,8.515715196397593,14.066888215806765,24,11.64223497178818
2018-05-13,19.0556701660156,5.8943355984158075,12.329886514169209,24,13.161334567599791
2018-05-14,12.92766316731769,5.13527289496534,9.51253455833154,24,7.79239027235235
2018-05-15,15.117164442274316,5.449125501844605,9.432069764313882,24,9.66803894042971
2018-05-16,14.065517510308156,4.855226643880201,9.56686409844293,24,9.210290866427956
2018-05-17,16.609177992079026,4.550370958116332,10.540523854008436,24,12.058807033962694
2018-05-18,16.67463717990455,3.987920125325502,11.486688755176688,24,12.686717054579049
2018-05-19,15.790082126193568,8.156875271267381,12.061618621261045,24,7.633206854926186
2018-05-20,16.637503729926266,9.356427001953136,12.920494107846872,24,7.281076727973129
2018-05-21,18.74268629286024,9.29021572536891,13.803609438295728,24,9.452470567491329
2018-05-22,20.59168802897136,7.920949639214427,13.22427912111637,24,12.670738389756934
2018-05-23,21.46222059461803,7.372890557183155,14.00210756372524,24,14.089330037434877
2018-05-24,21.8472785101996,6.536465115017393,13.47421648943867,24,15.310813395182208
2018-05-25,20.875814480251737,6.590370008680566,13.513025128399894,24,14.285444471571171
2018-05-26,21.276639472113743,8.098519219292541,14.578107607806182,24,13.178120252821202
2018-05-27,20.769992404513857,10.05402153862849,14.442279292919023,24,10.715970865885367
2018-05-28,19.987973700629368,5.629631212022559,14.007637659708665,24,14.358342488606809
2018-05-29,17.591794501410618,5.610338338216138,11.674873041223604,24,11.98145616319448
2018-05-30,18.051181708441845,3.910998535156295,11.163717778523774,24,14.14018317328555
2018-05-31,16.10131496853296,7.831001451280372,10.932936534175182,24,8.270313517252589
2018-06-01,17.72387763129342,3.589397176106786,10.361008283827049,24,14.134480455186633
2018-06-02,18.807775539822103,2.6242692735460196,10.323027448300982,24,16.183506266276083
2018-06-03,19.511292521158907,5.848705376519092,11.312979422675253,24,13.662587144639815
2018-06-04,15.294947306315123,0.5853807237413093,7.864481523301876,24,14.709566582573814
2018-06-05,15.443411254882848,1.6160980224609034,8.330293697781045,24,13.827313232421945
2018-06-06,16.639389716254357,2.7617034912109375,9.662931611802849,24,13.87768622504342
2018-06-07,17.427275254991343,2.814790852864576,9.575137258459039,24,14.612484402126768
2018-06-08,17.73561570909294,3.3207034640842608,10.571636468392853,24,14.41491224500868
2018-06-09,18.5683759901259,5.2742689344618725,11.008306135954689,24,13.294107055664028
2018-06-10,18.0218495686849,3.4003424750434306,10.418889038651086,24,14.621507093641469
2018-06-11,17.240581936306455,1.736092461480041,9.00518136201083,24,15.504489474826414
2018-06-12,15.30280354817711,2.1399502224392677,8.813530081289798,24,13.162853325737842
2018-06-13,14.78118523491753,3.950519137912352,8.759774257518634,24,10.830666097005178
2018-06-14,15.86742587619358,3.017301771375855,9.326583593863035,24,12.850124104817725
2018-06-15,19.85821533203125,4.312322658962671,11.202041399920434,24,15.545892673068579
2018-06-16,15.779737345377669,2.8462870279947765,7.9309254540337575,24,12.933450317382892
2018-06-17,17.880655246310766,-0.1385301378037979,9.266722982901134,24,18.019185384114564
2018-06-18,20.92699042426216,4.24604729546445,11.742542012532573,24,16.68094312879771
2018-06-19,21.391215684678855,4.324727376302064,12.225845478199156,24,17.06648830837679
2018-06-20,21.197913275824646,7.317237345377635,13.581057018703902,24,13.880675930447012
2018-06-21,19.493563842773423,4.158381822374167,11.370369692201992,24,15.335182020399255
2018-06-22,19.798803371853296,6.032674153645871,12.54253631874367,24,13.766129218207425
2018-06-23,18.582228936089393,4.0649098714193315,11.56834439878112,24,14.517319064670062
2018-06-24,18.525830756293377,3.924880981445313,11.016844629358372,24,14.600949774848065
2018-06-25,18.289407687717073,3.399444580078125,11.190668600576911,24,14.889963107638948
2018-06-26,15.072973632812475,2.420315551757824,8.827474283289044,24,12.652658081054652
2018-06-27,17.682369656033018,2.203415934244788,9.967284619366692,24,15.47895372178823
2018-06-28,18.72237854003907,5.1193556043836566,11.796763073956532,24,13.603022935655414
2018-06-29,18.578023274739564,5.619782850477463,11.438153090300398,24,12.958240424262101
2018-06-30,19.980552164713515,4.9424370659722285,11.883784823947503,24,15.038115098741287
2018-07-01,19.893608601888047,5.983800930447103,12.25005124409995,24,13.909807671440944
2018-07-02,15.139963107638891,1.1973388671875114,8.332307165640387,24,13.94262424045138
2018-07-03,14.263153754340294,-1.3122521294487228,5.434646945529529,24,15.575405883789017
2018-07-04,14.65149502224392,-0.700772094726517,7.1380517041241776,24,15.352267116970436
2018-07-05,14.598479885525194,0.5005598280164918,7.345488852041754,24,14.097920057508702
2018-07-06,13.040142822265636,0.6707305908203125,6.9900497860378765,24,12.369412231445324
2018-07-07,15.063432142469594,2.9504526774088617,8.380937675193515,24,12.112979465060732
2018-07-08,14.951333618164083,2.486062282986097,8.553231345282677,24,12.465271335177986
2018-07-09,14.66778835720487,4.734092542860253,8.61975570961283,24,9.933695814344617
2018-07-10,15.5369842529297,3.7487660725911383,9.373011680885604,24,11.788218180338562
2018-07-11,17.55225830078126,3.1372138129340783,10.382718799732368,24,14.415044487847183
2018-07-12,17.266962687174498,4.356481933593784,10.382646475897916,24,12.910480753580714
2018-07-13,16.62092522515195,3.724694824218716,10.612336603800463,24,12.896230400933234
2018-07-14,14.323169623480908,4.237463378906284,9.605567098546926,24,10.085706244574624
2018-07-15,13.32544521755642,3.570289781358497,8.063249757554805,24,9.755155436197922
2018-07-16,13.16033732096355,2.4293785942925297,7.14491725497776,24,10.73095872667102
2018-07-17,12.986019558376768,-1.0713205973307254,5.995579740736228,24,14.057340155707493
2018-07-18,13.935257975260413,0.3066365559895985,6.79854230527526,24,13.628621419270814
2018-07-19,14.550105794270848,-0.0494449191623402,7.069039747450096,24,14.599550713433189
2018-07-20,14.85644090440536,0.5057142469618157,7.5403747134738595,24,14.350726657443545
2018-07-21,15.976411607530396,0.5465861002604129,8.475616412692608,24,15.429825507269983
2018-07-22,17.08159383138019,1.4108856201171989,8.921645341096117,24,15.67070821126299
2018-07-23,17.144053819444423,1.7585866292317291,9.144174815990313,24,15.385467190212694
2018-07-24,17.918716091579824,3.849185519748232,10.570338369298874,24,14.069530571831592
2018-07-25,20.116037665473073,4.54919060601128,11.64537124633789,24,15.566847059461793
2018-07-26,20.215045166015617,1.5667789035373405,10.976641506618932,24,18.648266262478277
2018-07-27,18.79616088867192,2.0356486002604584,10.448662100897918,24,16.760512288411462
2018-07-28,20.25350850423183,7.868690321180566,13.362728839450435,24,12.384818183051266
2018-07-29,20.109289211697103,2.4763895670573106,11.495077966760718,24,17.632899644639792
2018-07-30,20.98851928710934,5.328621080186622,12.658590669985186,24,15.659898206922719
2018-07-31,21.43924696180557,5.680246988932311,13.765641558611852,24,15.758999972873259
2018-08-01,22.334056260850673,9.830253431532128,14.968808181197561,24,12.503802829318545
2018-08-02,22.862717352973107,6.024169243706638,14.231902002405258,24,16.83854810926647
2018-08-03,21.466897243923597,6.432387288411519,14.028570288198978,24,15.034509955512078
2018-08-04,21.687288750542564,8.32110256618921,15.109365463256843,24,13.366186184353353
2018-08-05,23.527184041341172,6.940931871202281,15.686509464405221,24,16.58625217013889
2018-08-06,22.10564236111111,2.189650472005212,11.990197923448356,24,19.915991889105896
2018-08-07,23.523268636067712,6.984547932942746,14.517235141330312,24,16.538720703124966
2018-08-08,22.26524488661022,4.213266330295141,12.827928500705305,24,18.051978556315078
2018-08-09,19.933981662326403,7.718182373046886,12.631570109614637,24,12.215799289279516
2018-08-10,17.18821648491752,3.832375759548654,10.89302149172183,24,13.355840725368864
2018-08-11,17.07202284071184,-0.1472412109375227,8.333643284550428,24,17.21926405164936
2018-08-12,21.6457489013672,5.643755086263013,13.593494062070507,24,16.001993815104186
2018-08-13,25.271465047200536,9.278100925021704,17.085165701972127,24,15.993364122178832
2018-08-14,24.42328016493059,10.330044555664074,17.46000648781106,24,14.093235609266515
2018-08-15,24.75892062717014,13.021331108940956,18.35624416492605,24,11.737589518229186
2018-08-16,24.9953552246094,10.718273247612842,18.635434666386374,24,14.27708197699656
2018-08-17,24.865078057183155,9.740270996093784,17.516616044221117,24,15.12480706108937
2018-08-18,13.820164998372434,6.114651489257824,9.003412373860689,24,7.70551350911461
2018-08-19,20.367529975043396,8.78461032443579,13.470604366726356,24,11.582919650607607
2018-08-20,24.808865017361143,7.66210564507378,16.65167600843643,24,17.146759372287363
2018-08-21,25.660245090060755,11.307829793294276,18.56230810659904,24,14.352415296766479
2018-08-22,23.710134887695347,10.106067233615477,17.051740236635577,24,13.60406765407987
2018-08-23,23.503796725803,8.320281304253513,15.082618402551738,24,15.183515421549487
2018-08-24,23.125836181640636,6.8465504964192405,15.219616727475769,24,16.279285685221396
2018-08-25,22.71338161892362,9.84080742730032,16.17747381704826,24,12.8725741916233
2018-08-26,25.451282077365477,8.579220241970518,17.271852224844483,24,16.87206183539496
2018-08-27,17.438386366102463,3.206795925564279,9.45209186695242,24,14.231590440538184
2018-08-28,19.47333374023441,3.8155069986979697,11.697520333749296,24,15.65782674153644
2018-08-29,21.36995340983071,3.5494710286458826,12.859268909030506,24,17.820482381184828
2018-08-30,22.002309502495677,6.0086127387152715,14.12078614411532,24,15.993696763780406
2018-08-31,23.984206475151893,6.428428819444434,15.644625741464134,24,17.55577765570746
2018-09-01,25.399496459960915,8.780393812391537,17.256295154712827,24,16.619102647569377
2018-09-02,24.88952365451388,9.734543524848108,17.59568860089339,24,15.154980129665772
2018-09-03,19.979733615451437,5.6804575602213845,12.436186627988477,24,14.299276055230052
2018-09-04,25.773792860243077,7.116316053602475,16.58053783840605,24,18.657476806640602
2018-09-05,27.22906188964845,8.317447916666652,19.150743880095312,24,18.911613972981797
2018-09-06,27.332102796766492,13.392736138237863,20.891472880045583,24,13.939366658528629
2018-09-07,24.96973300509984,9.854173787434943,17.039496287593142,24,15.115559217664897
2018-09-08,18.534998575846373,3.1033867730034785,10.924258691293238,24,15.431611802842895
2018-09-09,14.461388821072092,0.86305711534294,7.040581017953397,24,13.598331705729152
2018-09-10,20.074629380967902,1.467707316080748,10.719384143970643,24,18.606922064887154
2018-09-11,22.63776889377175,3.0287662082248517,13.514127152054419,24,19.609002685546898
2018-09-12,25.61748521592881,7.357526312934056,16.55605710347495,24,18.259958902994754
2018-09-13,25.48798624674481,5.827005683051198,15.923577753702808,24,19.660980563693613
2018-09-14,26.019960869683132,4.337523735894081,16.344473012288415,24,21.68243713378905
2018-09-15,28.60607876247832,8.770472547743054,18.802090086760348,24,19.835606214735265
2018-09-16,30.3352111816406,10.168198310004357,20.23494587651006,24,20.167012871636242
2018-09-17,30.04487474229603,11.171962822808156,20.631780271176947,24,18.872911919487876
2018-09-18,31.470240953233485,12.41240709092881,22.79992879231772,24,19.057833862304676
2018-09-19,31.72759060329861,12.64532267252605,21.854541326452203,24,19.08226793077256
2018-09-20,29.22687581380211,9.946092732747388,19.251271113642954,24,19.28078308105472
2018-09-21,24.930566406250023,9.861969333224806,17.032271067301448,24,15.068597073025217
2018-09-22,27.697442287868967,12.175516425238754,19.310332870483414,24,15.521925862630212
2018-09-23,26.68398607042104,13.130670844184069,19.618365436130112,24,13.55331522623697
2018-09-24,28.867509969075513,12.245234849717916,20.691978002477583,24,16.622275119357596
2018-09-25,27.678681437174475,14.230779690212673,20.45767324942131,24,13.447901746961803
2018-09-26,29.957367960611975,12.70960388183596,21.72140803866917,24,17.247764078776015
2018-09-27,29.66276482476127,15.21678466796874,22.641698399296526,24,14.445980156792528
2018-09-28,29.903343370225684,15.085043674045153,21.13984595404732,24,14.818299696180532
2018-09-29,28.00012037489148,11.496353827582482,19.04593825163666,24,16.503766547309
2018-09-30,24.263847859700547,9.139432440863745,16.628080071343334,24,15.124415418836803
2018-10-01,26.52058648003475,9.114137098524282,18.323243261266647,24,17.40644938151047
2018-10-02,27.9189392089844,10.776906670464427,20.18387468126087,24,17.142032538519974
2018-10-03,24.191972859700513,6.986633639865488,16.64993509363246,24,17.205339219835025
2018-10-04,19.56563008626307,5.08210415310333,11.981341651633954,24,14.48352593315974
2018-10-05,22.395671251085048,5.127726915147548,14.808580949571402,24,17.2679443359375
2018-10-06,26.217214287651927,11.780395507812557,18.889091449313707,24,14.43681877983937
2018-10-07,27.39380900065106,9.088430107964427,19.286911660653576,24,18.305378892686633
2018-10-08,28.001623535156284,11.180328708224865,20.14220595183197,24,16.82129482693142
2018-10-09,27.96074795193141,11.975804985894117,20.202491237499114,24,15.984942966037293
2018-10-10,29.241175672743054,12.708173624674489,21.014166627106853,24,16.533002048068568
2018-10-11,30.321985541449692,12.148055352105075,22.12583118014867,24,18.173930189344617
2018-10-12,30.159289889865477,15.07897983127168,22.66970469156902,24,15.080310058593797
2018-10-13,19.834737481011302,10.706432427300342,15.229896305225521,24,9.12830505371096
2018-10-14,18.10207316080732,10.874827406141492,13.543338606092684,24,7.227245754665827
2018-10-15,24.48469746907557,9.362250773111953,16.826511481956206,24,15.122446695963617
2018-10-16,26.295266723632835,8.757647026909751,18.49873508877226,24,17.537619696723084
2018-10-17,25.852558729383706,10.464115058051275,18.20235041865598,24,15.38844367133243
2018-10-18,24.90667995876737,10.83802761501738,17.558680696840653,24,14.06865234374999
2018-10-19,27.198464287651916,8.86018405490455,18.62943150555647,24,18.338280232747366
2018-10-20,25.069569227430577,9.729467095269058,16.62833760579428,24,15.340102132161519
2018-10-21,22.00628051757809,8.995195176866332,14.993249031349478,24,13.011085340711759
2018-10-22,21.77240804036461,6.609359402126756,14.494947645399321,24,15.163048638237854
2018-10-23,21.849155680338583,7.976427205403638,14.835239537556987,24,13.872728474934945
2018-10-24,24.423878648546008,7.310390896267393,16.638637062355333,24,17.113487752278616
2018-10-25,27.543621148003524,8.793375990125867,19.30881117361565,24,18.750245157877657
2018-10-26,29.29327189127605,11.809118991427964,21.427751654165775,24,17.484152899848084
2018-10-27,29.85089043511283,12.544204711914062,21.865555289939596,24,17.30668572319877
2018-10-28,30.632665337456615,14.22649129231769,22.59540102923359,24,16.406174045138926
2018-10-29,31.862525770399316,15.38897603352865,23.839945192690266,24,16.473549736870666
2018-10-30,32.117887369791674,16.722429063585082,24.154856053105117,24,15.395458306206592
2018-10-31,26.76148851182728,15.3149383544922,21.427484611228675,24,11.44655015733508
2018-11-01,24.02293226453992,11.602359686957527,16.81611114784525,24,12.420572577582394
2018-11-02,23.807722303602475,7.678359307183143,15.883769113046158,24,16.12936299641933
2018-11-03,20.24651421440973,10.469833034939256,14.879701868693042,24,9.776681179470472
2018-11-04,25.19724324544268,9.997438897026882,18.394090723108366,24,15.1998043484158
2018-11-05,29.096894327799475,15.817228190104174,20.828725758305314,24,13.279666137695301
2018-11-06,24.25951470269098,11.201017591688412,18.202595265706393,24,13.058497111002566
2018-11-07,21.32833014594189,8.059052191840294,13.862856448138212,24,13.269277954101597
2018-11-08,21.78471442328555,6.477829996744788,14.760970716123234,24,15.306884426540762
2018-11-09,26.279027981228296,8.909397040473095,18.61391057614928,24,17.3696309407552
2018-11-10,27.732035658094617,11.754594590928887,20.358261758309833,24,15.97744106716573
2018-11-11,30.312953355577292,13.372717285156284,22.749511224252217,24,16.940236070421008
2018-11-12,30.811118570963572,14.45043402777776,23.09732677318433,24,16.360684543185812
2018-11-13,33.206451076931444,15.193813747829893,24.024859689783174,24,18.01263732910155
2018-11-14,33.00386216905389,15.657026502821225,24.276262777823007,24,17.346835666232664
2018-11-15,33.27932162814676,16.394381035698757,24.222946068092636,24,16.884940592448004
2018-11-16,33.38453131781688,16.86822102864585,24.988090119538494,24,16.51631028917103
2018-11-17,33.930155436197936,18.760951063368054,25.751578846684215,24,15.169204372829881
2018-11-18,33.04005228678386,17.548437500000034,24.289973633377652,24,15.491614786783828
2018-11-19,29.935763210720495,15.856201171875,21.424331057513225,24,14.079562038845495
2018-11-20,24.33941514756947,15.638770548502634,19.931228948522513,24,8.700644599066834
2018-11-21,26.992893812391458,13.686838107638948,20.633287726508257,24,13.30605570475251
2018-11-22,27.121267361111165,10.854967583550376,19.225268639458566,24,16.26629977756079
2018-11-23,24.761311509874133,12.35625847710503,18.92040545145671,24,12.405053032769104
2018-11-24,28.289814249674464,13.73183458116324,20.992194550125696,24,14.557979668511225
2018-11-25,29.381586710612,15.786835394965236,22.470260535346142,24,13.594751315646766
2018-11-26,26.51726854112411,14.690222167968784,20.668501974035195,24,11.827046373155326
2018-11-27,27.858556450737865,14.8275136311849,22.17005978337042,24,13.031042819552965
2018-11-28,29.4217342800564,15.459449259440134,22.43187271400735,24,13.962285020616264
2018-11-29,22.269016859266515,12.75947028266063,17.178088703861956,24,9.509546576605885
2018-11-30,26.87917344835074,10.519153171115477,19.16299812882036,24,16.360020277235265
2018-12-01,28.96685757107207,14.72179226345486,22.173830752902578,24,14.245065307617208
2018-12-02,31.901347859700536,17.28570251464845,23.53098080952964,24,14.615645345052087
2018-12-03,31.085439046223996,14.895706854926232,23.263734563191747,24,16.189732191297765
2018-12-04,31.99206712510852,14.446397569444455,23.727088490238902,24,17.545669555664062
2018-12-05,32.1345431857639,14.523967827690967,24.17151959737143,24,17.610575358072936
2018-12-06,31.165857611762135,18.00159132215714,24.588832078156656,24,13.164266289604996
2018-12-07,28.790859985351577,16.36597323947484,22.656580790766977,24,12.424886745876737
2018-12-08,28.806147596571236,16.331643676757835,20.68639880992749,24,12.474503919813401
2018-12-09,23.1787089029948,15.9758477105035,18.497721636736845,24,7.2028611924913
2018-12-10,22.323846774631136,12.22328152126738,16.339141238177273,24,10.100565253363756
2018-12-11,23.701589287651927,10.442533365885424,17.305777698093003,24,13.259055921766503
2018-12-12,28.59008822970924,11.961082967122422,20.999079259236662,24,16.62900526258682
2018-12-13,31.838442314995632,16.29268120659725,23.969982768871166,24,15.54576110839838
2018-12-14,30.168590969509523,16.417305840386348,21.890181929976862,24,13.751285129123175
2018-12-15,29.947051323784763,16.36712443033855,22.566946948016135,24,13.579926893446213
2018-12-16,30.792377726236964,17.60290798611112,23.668524579648633,24,13.189469740125844
2018-12-17,30.341067504882854,17.06001519097225,23.191075317947977,24,13.281052313910603
2018-12-18,31.133135308159694,17.129086981879368,22.49063383031776,24,14.004048326280326
2018-12-19,30.6247517903646,14.897635565863707,23.863834070276344,24,15.727116224500891
2018-12-20,30.795137871636257,17.89466281467014,24.24457985206887,24,12.900475056966116
2018-12-21,26.41272311740454,17.447593858506934,21.049519023188846,24,8.965129258897605
2018-12-22,29.11133829752606,15.603005981445335,21.080030497798226,24,13.508332316080725
2018-12-23,30.347162543402817,16.71850958930122,23.769955161765775,24,13.628652954101597
2018-12-24,31.922215779622434,16.872794935438435,24.680725012885215,24,15.049420844183999
2018-12-25,32.29688720703126,20.006981404622422,25.9919446874548,24,12.289905802408839
2018-12-26,34.38175760904949,20.53657396104603,27.082020837289324,24,13.845183648003456
2018-12-27,33.01810099283853,19.848806084526927,25.63302134761105,24,13.169294908311599
2018-12-28,27.65117560492621,15.334690009223095,20.72378000330043,24,12.316485595703114
2018-12-29,20.78461303710941,14.902217271592916,17.38238351609974,24,5.882395765516494
2018-12-30,21.95716417100698,15.627238633897605,17.998940517284268,24,6.329925537109375
2018-12-31,19.19417419433597,15.895719740125912,17.32431711267543,24,3.2984544542100593
2019-01-01,17.449314371744833,14.281480238172776,16.30939466688369,24,3.1678341335720575
2019-01-02,23.923479546441,13.924725680881124,18.62820184495716,24,9.998753865559877
2019-01-03,22.198510742187523,14.778833685980942,18.34499309681081,24,7.419677056206581
2019-01-04,23.01037224663628,15.1899519178603,18.659378800568778,24,7.820420328775979
2019-01-05,26.134433322482664,15.090059407552133,20.10540422510219,24,11.044373914930532
2019-01-06,24.826833767361165,15.070182291666695,19.56249966091582,24,9.75665147569447
2019-01-07,22.330561319987,15.843397013346362,18.39891630102088,24,6.48716430664064
2019-01-08,25.617204454210025,15.255209011501734,19.687750682124392,24,10.361995442708292
2019-01-09,26.92046000162765,15.004240926106776,21.289554779617887,24,11.916219075520873
2019-01-10,26.027276272243967,17.63165622287329,21.513691442984136,24,8.395620049370677
2019-01-11,27.722387017144115,17.6078935411241,22.54703670077855,24,10.114493476020016
2019-01-12,29.012491522895004,14.968313259548609,22.733601859763837,24,14.044178263346396
2019-01-13,28.36037292480472,18.232031928168453,23.369930535775655,24,10.128340996636268
2019-01-14,28.248511759440134,16.77917412651908,22.442573123508044,24,11.469337632921054
2019-01-15,30.542073228624133,17.88672146267362,23.584575017293304,24,12.655351765950513
2019-01-16,27.984291924370662,17.519123670789952,22.431608807599115,24,10.46516825358071
2019-01-17,28.40022345648873,16.49372185601129,21.40859757882578,24,11.90650160047744
2019-01-18,29.684692721896734,16.219660101996567,23.402634274518054,24,13.465032619900168
2019-01-19,30.252193535698837,15.27399597167971,22.988656799881554,24,14.978197564019126
2019-01-20,24.004426405164963,13.51552497016064,18.125222142537453,24,10.488901435004323
2019-01-21,26.67176038953994,11.176014539930575,19.38188379075794,24,15.495745849609365
2019-01-22,30.12514817979604,11.7503662109375,22.416589765195507,24,18.37478196885854
2019-01-23,30.43675469292532,14.412952338324716,23.71326350459347,24,16.023802354600605
2019-01-24,30.26183607313368,16.665876939561656,24.023464499579546,24,13.595959133572023
2019-01-25,29.406916639539983,17.547073364257812,22.06575889587404,24,11.85984327528217
2019-01-26,27.50373636881511,15.96047227647574,20.14009854352034,24,11.543264092339372
2019-01-27,22.22326388888888,15.494555324978307,17.958553639164688,24,6.728708563910573
2019-01-28,22.197093031141492,14.576642862955737,17.91483470775464,24,7.620450168185755
2019-01-29,23.76121520996099,13.10614115397135,18.379152891370996,24,10.65507405598964
2019-01-30,26.15710618760852,13.506269666883668,19.6439154872188,24,12.650836520724852
2019-01-31,27.190230984158006,14.839950222439256,21.022296778361017,24,12.35028076171875
2019-02-01,23.15877244737419,15.802810329861131,18.871795936867056,24,7.355962117513059
2019-02-02,22.558938937717016,15.38497043185771,18.680379683883114,24,7.173968505859307
2019-02-03,22.273456488715283,15.145826551649291,18.95425841720017,24,7.127629937065992
2019-02-04,25.25156182183156,15.681888834635402,19.77939745585124,24,9.56967298719616
2019-02-05,22.289039442274316,13.660018581814256,17.926198916965067,24,8.62902086046006
2019-02-06,24.14275885687931,13.48492431640625,19.403391717981425,24,10.657834540473061
2019-02-07,25.243967692057257,15.165374416775194,20.70539189091436,24,10.078593275282064
2019-02-08,25.15924411349829,15.948955281575536,20.51021320201734,24,9.210288831922753
2019-02-09,27.635239664713534,15.825411648220438,22.205570955629707,24,11.809828016493096
2019-02-10,26.049401177300354,16.48524339463978,21.050461634883188,24,9.564157782660573
2019-02-11,22.91731397840715,16.253943549262203,19.566557848895048,24,6.663370429144948
2019-02-12,21.16511366102435,16.079858398437523,18.239000221535022,24,5.085255262586827
2019-02-13,22.62609795464408,16.426040988498244,18.951049832944527,24,6.200056966145837
2019-02-14,18.586581759982664,15.667005411783862,17.152937302766038,24,2.9195763481988024
2019-02-15,21.425171237521734,15.014846462673631,17.9755281519007,24,6.410324774848103
2019-02-16,23.515100097656273,15.354530164930566,18.75372653537328,24,8.160569932725707
2019-02-17,23.67388712565105,13.4924336751302,18.45627788967558,24,10.181453450520848
2019-02-18,23.570365058051262,11.324382527669286,17.759222511008947,24,12.245982530381976
2019-02-19,23.66520724826387,12.284766642252634,18.356472509878657,24,11.380440606011234
2019-02-20,25.109973144531295,13.060081312391503,19.211580954657663,24,12.049891832139792
2019-02-21,27.998028225368955,15.314767795138891,21.444518661499032,24,12.683260430230064
2019-02-22,25.66338534884983,15.57171156141493,19.999770595409267,24,10.0916737874349
2019-02-23,26.739910549587705,15.744904242621544,20.92621741118256,24,10.995006306966161
2019-02-24,27.840605672200525,13.753691609700525,21.012008666992198,24,14.0869140625
2019-02-25,25.36432122124569,15.230651516384569,19.150188092832227,24,10.13366970486112
2019-02-26,26.78005337185334,15.488095092773392,20.655844314010064,24,11.29195827907995
2019-02-27,28.39833034939238,13.69842902289497,21.651012689095968,24,14.699901326497411
2019-02-28,28.15473327636721,12.77319708930122,20.56670174775301,24,15.38153618706599
2019-03-01,28.48132900661892,13.906889173719604,21.486392084757487,24,14.574439832899317
2019-03-02,27.818074205186633,14.79143541124131,21.638745131316018,24,13.026638793945324
2019-03-03,29.85219421386722,15.813874986436588,22.383387106436288,24,14.038319227430634
2019-03-04,28.327242024739633,17.387154134114667,22.037789309466344,24,10.940087890624966
2019-03-05,27.325967068142347,15.739122517903697,20.635643683539506,24,11.58684455023865
2019-03-06,25.663289727105052,16.908877563476608,20.80310256392869,24,8.754412163628444
2019-03-07,27.171298895941845,14.60741916232638,20.79838116963706,24,12.563879733615465
2019-03-08,26.659388224283873,15.002173868815134,20.383115697790085,24,11.657214355468739
2019-03-09,23.787088690863698,15.621209716796898,19.140367479677565,24,8.1658789740668
2019-03-10,25.975130886501745,14.615060424804652,20.42306819491917,24,11.360070461697093
2019-03-11,23.26544833713109,15.71735161675349,18.733949590612358,24,7.5480967203776
2019-03-12,22.60560065375438,15.121725463867165,18.39681055987324,24,7.483875189887215
2019-03-13,25.66816406250001,13.258659871419296,19.55673117461028,24,12.409504191080716
2019-03-14,27.16748318142362,13.73973490397134,20.556644920066564,24,13.42774827745228
2019-03-15,25.00053710937499,11.847495524088515,18.311637016578967,24,13.153041585286473
2019-03-16,25.21898668077256,11.974082777235251,19.347519966408072,24,13.244903903537308
2019-03-17,26.13843112521704,12.960889689127669,20.1830014122857,24,13.17754143608937
2019-03-18,27.025668674045107,14.830886162651892,20.228219180636945,24,12.194782511393216
2019-03-19,26.221452501085025,13.376407877604152,20.149385424013495,24,12.845044623480874
2019-03-20,27.375518120659763,12.290110948350671,20.168737566912625,24,15.085407172309091
2019-03-21,28.259311591254345,11.486883205837673,21.326470156069167,24,16.772428385416674
2019-03-22,24.671189710829022,14.305573187934044,19.087557008531373,24,10.365616522894978
2019-03-23,24.10278455946178,14.034634060329836,18.80641319840044,24,10.068150499131946
2019-03-24,25.444859144422765,13.76348402235243,19.02532855846265,24,11.681375122070335
2019-03-25,27.713355170355896,14.048880343967028,20.836238705670407,24,13.664474826388869
2019-03-26,28.28937310112849,12.565361192491366,20.81325078893592,24,15.724011908637124
2019-03-27,23.35773688422313,15.623188612196202,18.72049153645835,24,7.734548272026927
2019-03-28,27.328202311197913,14.462142605251756,20.685721022994446,24,12.866059705946157
2019-03-29,28.718139987521734,16.041224161783873,21.90850088331436,24,12.676915825737861
2019-03-30,26.28101501464846,15.333432685004368,20.535215971204988,24,10.947582329644092
2019-03-31,26.639088270399327,13.378193155924464,20.561670176188162,24,13.260895114474863
2019-04-01,26.758438788519925,15.92083740234375,20.397565318919998,24,10.837601386176175
2019-04-02,21.743559095594605,14.736052110460092,17.704873346399392,24,7.007506985134514
2019-04-03,22.522549777560755,13.571545071072023,17.774840983638075,24,8.951004706488732
2019-04-04,22.483763631184956,12.92455681694878,17.303481617680315,24,9.559206814236177
2019-04-05,15.14345330132386,12.049424235026038,13.489935627690087,24,3.0940290662978214
2019-04-06,18.599612426757854,11.888656955295176,14.666420039424212,24,6.710955471462679
2019-04-07,20.899706692165807,12.603798082139804,15.907772841276964,24,8.295908610026004
2019-04-08,21.324873182508668,11.943042331271728,15.88488167656793,24,9.38183085123694
2019-04-09,21.41218736436639,9.638182237413218,15.956420912566022,24,11.77400512695317
2019-04-10,21.841029188368054,12.163832939995643,15.88627897191932,24,9.677196248372411
2019-04-11,20.17857801649302,11.972644382052977,15.599009266606096,24,8.205933634440044
2019-04-12,20.649757893880235,11.068539428710949,15.480559285481784,24,9.581218465169286
2019-04-13,20.892674763997377,10.666908094618066,15.174368936044216,24,10.225766669379311
2019-04-14,19.974228583441857,11.280516221788218,15.61419276484738,24,8.693712361653638
2019-04-15,21.187546793619788,11.522265964084228,15.663776397705087,24,9.66528082953556
2019-04-16,21.39404330783424,9.893054538302977,15.09081005520293,24,11.500988769531265
2019-04-17,21.613964504665773,5.935152180989576,14.730662324693478,24,15.678812323676198
2019-04-18,22.14765625000001,10.941227213541652,16.10023543746384,24,11.20642903645836
2019-04-19,23.18467339409727,12.16412353515625,17.148248361658176,24,11.02054985894102
2019-04-20,22.1939666748047,12.833031887478342,16.59157389888059,24,9.360934787326357
2019-04-21,21.82269049750431,11.972193060980883,15.189296397456424,24,9.850497436523428
2019-04-22,17.4900088840061,11.861556667751756,14.30341261404533,24,5.628452216254345
2019-04-23,18.67852681477865,12.035887993706638,14.69748405173974,24,6.642638821072012
2019-04-24,18.444378323025205,11.70648668077257,14.68030851858635,24,6.7378916422526345
2019-04-25,19.64405585394968,10.497554524739655,14.987857988145633,24,9.146501329210025
2019-04-26,20.96963975694445,10.234770033094604,14.805209350585956,24,10.734869723849846
2019-04-27,21.661770629882824,9.4040496826172,15.413432326140246,24,12.257720947265623
2019-04-28,21.60872836642801,7.346751912434911,15.362085413049789,24,14.2619764539931
2019-04-29,21.01563144259984,10.548204549153638,16.1108194421839,24,10.467426893446202
2019-04-30,20.749202134874167,10.55846693250868,14.761649605079947,24,10.190735202365488
2019-05-01,20.854153781467005,7.315320841471419,14.71048701250996,24,13.538832939995586
2019-05-02,21.50996500651047,6.579302300347251,14.682688847294566,24,14.930662706163218
2019-05-03,23.262594943576403,9.28705478244359,15.916978864316604,24,13.975540161132812
2019-05-04,24.284623209635413,9.906515502929722,17.131050943445292,24,14.378107706705691
2019-05-05,22.49812418619797,10.934075588650217,16.358804547345223,24,11.564048597547753
2019-05-06,22.776807996961793,9.116991170247388,15.953442933824334,24,13.659816826714405
2019-05-07,21.965653483072913,9.306614854600696,15.30322984766078,24,12.659038628472217
2019-05-08,18.95686747233071,10.190246242947069,14.182989586724192,24,8.766621229383642
2019-05-09,19.72431742350261,7.834715440538218,13.784831407335083,24,11.889601982964393
2019-05-10,20.175026109483497,6.500230916341138,13.541048940022792,24,13.674795193142359
2019-05-11,21.67089775933158,9.102930365668442,15.258685217963333,24,12.567967393663139
2019-05-12,21.93655598958333,6.8247836642795505,15.275614392315909,24,15.111772325303779
2019-05-13,22.343794080946168,9.36078592936201,15.016661933616367,24,12.983008151584158
2019-05-14,23.220493231879345,7.7344289143879905,14.995264618485079,24,15.486064317491355
2019-05-15,21.675611029730874,7.059031168619754,14.277765175148302,24,14.61657986111112
2019-05-16,21.95856526692711,10.18559807671437,15.536631054348419,24,11.77296719021274
2019-05-17,21.89677293565541,8.187503051757858,15.368935846399388,24,13.709269883897552
2019-05-18,21.872641669379338,8.572102864583314,15.510390133327917,24,13.300538804796023
2019-05-19,22.016521877712705,7.221736314561667,15.026140269526742,24,14.794785563151038
2019-05-20,21.095340643988777,7.494705200195312,14.180241761384202,24,13.600635443793465
2019-05-21,23.01801995171445,8.101099650065123,14.785206490975852,24,14.916920301649327
2019-05-22,21.415219455295187,6.470698716905417,14.20603473804617,24,14.94452073838977
2019-05-23,22.327836778428832,8.487618340386291,15.272856606377497,24,13.840218438042541
2019-05-24,20.840929497612876,8.420935397677965,14.133879513210736,24,12.419994099934911
2019-05-25,20.22146335177956,7.609499443901939,13.63481349238644,24,12.61196390787762
2019-05-26,20.135281711154505,6.9918782552083485,13.36555538883916,24,13.143403455946157
2019-05-27,19.544697401258706,6.492606947157128,13.389395904541031,24,13.052090454101577
2019-05-28,19.268408881293396,6.494001261393237,13.160789729930746,24,12.77440761990016
2019-05-29,18.909288533528695,6.227309163411462,12.273649681939034,24,12.681979370117233
2019-05-30,18.02561306423615,5.276956176757835,11.194263274581358,24,12.748656887478315
2019-05-31,18.263816663954003,4.363450453016526,10.960289001464858,24,13.900366210937477
2019-06-01,18.416846042209215,4.849176025390648,11.430900404188383,24,13.567670016818568
2019-06-02,18.666416761610265,5.548066541883713,11.094959230776192,24,13.118350219726551
2019-06-03,18.771963840060774,2.530874294704915,11.879048651236088,24,16.24108954535586
2019-06-04,20.3906405978733,5.629004245334215,13.154759258694133,24,14.761636352539085
2019-06-05,22.094217936197936,5.787836032443579,13.59419934308088,24,16.306381903754357
2019-06-06,20.434357028537363,4.925911458333303,12.298173169736522,24,15.50844557020406
2019-06-07,19.87482265896267,2.393526204427076,10.918757050125699,24,17.481296454535595
2019-06-08,19.967939249674487,6.164470418294286,12.366123397262017,24,13.8034688313802
2019-06-09,17.709659152560846,4.596719360351585,10.622810349641037,24,13.11293979220926
2019-06-10,19.041546630859383,3.944549899631113,11.583412014996577,24,15.09699673122827
2019-06-11,19.263715955946168,6.584913804795974,12.061800328007463,24,12.678802151150194
2019-06-12,18.56878221299911,5.6129275851779425,11.334268555817799,24,12.955854627821168
2019-06-13,17.16505093044708,2.5379072401258895,9.010643160784701,24,14.62714369032119
2019-06-14,16.61383395724829,2.7684088812934533,9.228024857132533,24,13.845425075954836
2019-06-15,17.95618353949652,2.904540676540819,10.335723212913244,24,15.051642862955703
2019-06-16,19.367029486762135,3.535724555121533,11.124940080995914,24,15.831304931640602
2019-06-17,18.39290161132817,3.794287787543397,10.503990017926268,24,14.598613823784774
2019-06-18,18.132672797309056,2.969616699218762,10.173414060804602,24,15.163056098090294
2019-06-19,18.112532891167575,2.95374721950958,9.93367811132363,24,15.158785671657995
2019-06-20,20.151958889431455,1.2782718234591923,9.945039367675797,24,18.873687065972263
2019-06-21,17.516518147786485,2.5707160101996465,9.464561476530866,24,14.945802137586838
2019-06-22,17.681069607204847,5.194924248589416,10.897002227218076,24,12.486145358615431
2019-06-23,15.75372958713109,2.814039442274293,8.413425177114993,24,12.939690144856797
2019-06-24,17.006520928276927,2.291040378146704,8.987129635281057,24,14.715480550130223
2019-06-25,17.66644558376737,4.181262546115477,10.223645980269845,24,13.485183037651893
2019-06-26,16.409525553385436,4.652310180664074,10.224701521131744,24,11.757215372721362
2019-06-27,16.75830349392362,5.811002604166674,10.469553191573546,24,10.947300889756946
2019-06-28,19.901521131727463,4.723481920030395,12.10722476817945,24,15.178039211697069
2019-06-29,21.3620625813802,6.295734998914895,13.706627330073609,24,15.066327582465306
2019-06-30,20.80938110351559,7.430547756618921,13.609241217154056,24,13.37883334689667
2019-07-01,16.98109436035162,3.557889133029505,9.516944687454796,24,13.423205227322114
2019-07-02,14.782768419053866,0.5461456298828011,6.586297367237248,24,14.236622789171065
2019-07-03,17.21972249348954,0.0472327338324589,8.565458085801879,24,17.172489759657083
2019-07-04,18.56084628634983,4.3556091308594205,10.240324712682666,24,14.205237155490408
2019-07-05,18.012297227647593,1.8777143690321056,9.567563572636365,24,16.134582858615488
2019-07-06,18.64165276421437,0.4993994818793226,9.351886721010565,24,18.142253282335048
2019-07-07,17.765307617187545,4.050887044270837,10.381777699788428,24,13.714420572916708
2019-07-08,17.362297566731797,2.5209177652994867,9.428645211678981,24,14.84137980143231
2019-07-09,19.771761406792507,1.79540473090276,10.317350557115354,24,17.976356675889747
2019-07-10,21.940205552842883,6.200464884440123,13.06195572747126,24,15.73974066840276
2019-07-11,23.35411071777344,7.157655164930588,14.38437502825703,24,16.196455552842853
2019-07-12,22.488798692491287,9.433719889322958,14.67260011743617,24,13.055078803168328
2019-07-13,20.369544474283828,3.984605577256957,12.878942249439392,24,16.38493889702687
2019-07-14,19.88002319335942,5.999282158745643,12.427731436270264,24,13.880741034613777
2019-07-15,19.742596435546886,8.127572292751779,13.10457823011612,24,11.615024142795107
2019-07-16,19.608752102322057,3.578451877170096,11.784345301875371,24,16.03030022515196
2019-07-17,18.679472181532105,5.013120524088549,11.114225882071052,24,13.666351657443556
2019-07-18,20.05983683268232,3.357972208658907,12.056455880624286,24,16.70186462402341
2019-07-19,19.87891201443142,3.937509833441879,11.238892618815123,24,15.941402180989542
2019-07-20,15.508370293511348,2.96202799479164,8.528285245542184,24,12.546342298719708
2019-07-21,15.500406901041629,-1.8616115993923472,7.1250656551785,24,17.362018500433976
2019-07-22,16.756974283854163,1.1864746093750682,8.57657176830152,24,15.570499674479095
2019-07-23,18.367536417643237,1.8638597276475937,10.529184412073223,24,16.503676689995643
2019-07-24,15.594318983289895,5.213887871636302,9.763676099424023,24,10.380431111653593
2019-07-25,20.79340108235681,2.582724338107653,11.781415232905646,24,18.210676744249156
2019-07-26,21.540498182508713,5.508467949761325,12.300315291793273,24,16.03203023274739
2019-07-27,19.218965657552133,3.0269877115885606,11.039344505027502,24,16.191977945963572
2019-07-28,19.858777533637124,5.7919921875,12.567553541395405,24,14.066785346137124
2019-07-29,22.328830634223095,6.062524074978285,13.178358586629237,24,16.26630655924481
2019-07-30,22.86749335394967,3.751622517903627,13.712775392885566,24,19.115870836046042
2019-07-31,22.923911200629338,3.899060736762181,12.841355133056652,24,19.024850463867157
2019-08-01,21.443886990017347,2.2162957085503763,12.360450532701291,24,19.22759128146697
2019-08-02,18.71697252061637,7.139578925238709,12.497244135538752,24,11.57739359537766
2019-08-03,21.446090698242188,6.073974270290819,13.744605014942321,24,15.372116427951369
2019-08-04,23.68753356933593,8.12873331705731,15.942996625547075,24,15.558800252278619
2019-08-05,23.28497619628905,10.497755940755212,16.8900725470649,24,12.787220255533839
2019-08-06,25.1978925916884,9.32190551757816,17.75798567312736,24,15.87598707411024
2019-08-07,24.38540751139328,12.226595730251743,18.111188761393247,24,12.158811781141535
2019-08-08,24.78687371148004,11.20690239800348,17.711787993819645,24,13.57997131347656
2019-08-09,23.21005316840279,9.763539632161496,15.733348606250912,24,13.446513536241294
2019-08-10,19.108375379774316,9.496790568033871,13.494921889128525,24,9.611584811740444
2019-08-11,23.017804972330737,9.018308851454035,15.387416910242164,24,13.999496120876701
2019-08-12,24.69486796061193,10.31824239095056,16.995194569340466,24,14.37662556966137
2019-08-13,24.95197516547313,8.303847927517381,16.6349065144857,24,16.648127237955748
2019-08-14,24.408645629882812,7.759222073025171,15.918638497811791,24,16.64942355685764
2019-08-15,23.12191297743055,10.168885633680532,16.18637905827276,24,12.95302734375002
2019-08-16,24.423974609375023,7.907638210720506,16.307859872888645,24,16.516336398654516
2019-08-17,25.05494995117192,11.141331312391516,17.50176452354149,24,13.913618638780404
2019-08-18,22.078378974066823,8.017141384548609,14.780119323730482,24,14.061237589518214
2019-08-19,24.1737060546875,9.312607150607676,16.365704600016286,24,14.861098904079824
2019-08-20,22.531574842664952,5.502709621853285,14.13155818515355,24,17.028865220811667
2019-08-21,20.24042629665803,6.035435655381946,13.18470299332231,24,14.204990641276083
2019-08-22,21.879246690538196,5.19324001736112,13.739617284139008,24,16.686006673177076
2019-08-23,23.78314107259115,7.181238471137135,15.291413512053325,24,16.601902601454015
2019-08-24,23.73338724772134,6.104904513888869,15.057102570710365,24,17.62848273383247
2019-08-25,23.77919074164498,5.519022623697936,14.67561310662166,24,18.260168117947046
2019-08-26,25.17694125705293,6.583211602105052,16.103998155947096,24,18.59372965494788
2019-08-27,25.55529581705724,7.508671739366321,16.77136520103172,24,18.046624077690918
2019-08-28,25.865861341688344,9.871945529513935,17.32054278055828,24,15.993915812174409
2019-08-29,24.537874348958383,8.162447102864576,16.806314821596516,24,16.375427246093807
2019-08-30,25.34132690429692,11.029922485351562,18.398156159012416,24,14.311404418945358
2019-08-31,19.771369764539884,6.838496568467917,13.774207009209546,24,12.932873196071967
2019-09-01,21.498043484158018,2.9489010281033075,12.753171638206211,24,18.54914245605471
2019-09-02,23.507838270399304,5.6124416775173245,14.93010027850117,24,17.89539659288198
2019-09-03,24.08293762207029,4.505750189887181,15.690887281629777,24,19.57718743218311
2019-09-04,25.088354153103353,8.314734903971328,17.170531830964283,24,16.773619249132025
2019-09-05,25.53320380316842,11.57806667751737,18.19147800869413,24,13.95513712565105
2019-09-06,17.730109998914884,8.072362603081615,12.505103415030028,24,9.657747395833269
2019-09-07,19.611924913194457,5.49287075466583,12.126334946243867,24,14.119054158528627
2019-09-08,20.731102498372422,4.269038560655417,12.713044978954187,24,16.462063937717005
2019-09-09,23.4605909559462,6.066689385308166,15.201814524332695,24,17.393901570638032
2019-09-10,24.899352010091206,7.362861802842872,16.866795320864092,24,17.536490207248335
2019-09-11,25.992104763454904,11.150178697374145,18.71881839610914,24,14.84192606608076
2019-09-12,26.627653672960093,9.568765258789083,18.425099605984176,24,17.058888414171008
2019-09-13,27.012446085612,8.042514716254345,17.68252830505372,24,18.969931369357656
2019-09-14,27.539227973090306,8.503659057617256,17.905697547064904,24,19.03556891547305
2019-09-15,27.1982401529948,6.885105387369833,17.976821150603133,24,20.313134765624966
2019-09-16,28.93029649522572,13.83283487955731,21.299021855107075,24,15.097461615668408
2019-09-17,29.674520534939234,11.244604153103351,21.824807725129308,24,18.42991638183588
2019-09-18,29.498818969726585,13.164306640625,21.75567081592702,24,16.334512329101585
2019-09-19,30.163232082790785,13.96424051920576,22.256625719423667,24,16.198991563585025
2019-09-20,29.70392049153645,13.270126003689256,21.270028248539692,24,16.433794487847194
2019-09-21,29.09735514322915,11.805999077691013,20.894765006171337,24,17.29135606553814
2019-09-22,28.37792697482638,12.78638441297744,20.69037188777218,24,15.59154256184894
2019-09-23,28.103779432508706,10.974733140733576,19.674738975807482,24,17.12904629177513
2019-09-24,19.678122287326342,10.775434705946168,14.965197979962396,24,8.902687581380174
2019-09-25,19.04702317979604,6.652612304687523,12.70253865277327,24,12.394410875108516
2019-09-26,20.299839952256946,3.444716389973962,11.97182273864748,24,16.855123562282984
2019-09-27,24.494911363389747,5.1308553059895985,15.538511671843365,24,19.36405605740015
2019-09-28,27.770160590277783,7.916276041666663,18.6751747413918,24,19.85388454861112
2019-09-29,27.30238003200958,11.778036159939234,19.92583743907788,24,15.524343872070347
2019-09-30,25.40675828721794,10.352993096245656,17.329250773677135,24,15.053765190972284
2019-10-01,19.027007378472263,8.330460951063344,12.909376257437247,24,10.696546427408919
2019-10-02,20.554184638129357,7.557644653320324,14.003869360464606,24,12.996539984809033
2019-10-03,23.175942314995662,8.302768283420164,16.14286089296696,24,14.873174031575498
2019-10-04,26.930381605360253,10.848577880859407,19.335946189032672,24,16.081803724500844
2019-10-05,30.07258945041235,9.892734442816844,21.897224666454182,24,20.179855007595506
2019-10-06,30.184047105577235,15.512596638997422,22.326937640154814,24,14.671450466579813
2019-10-07,29.087372504340298,15.330826822916665,22.240898923520703,24,13.756545681423633
2019-10-08,29.69708319769967,10.62049119737418,20.620737810488116,24,19.07659200032549
2019-10-09,30.265648396809866,10.90602891710074,21.59828424806949,24,19.359619479709124
2019-10-10,28.05305277506511,9.875483194986998,17.565006171332477,24,18.177569580078114
2019-10-11,23.808624606662363,9.283021036783907,16.463645186247664,24,14.525603569878456
2019-10-12,26.777413940429653,10.688210042317737,19.97502634966816,24,16.08920389811192
2019-10-13,30.117604912651927,14.97185092502167,23.15580091123228,24,15.145753987630258
2019-10-14,29.133921305338504,15.142795477973152,22.088757649174454,24,13.991125827365352
2019-10-15,31.11780734592014,14.790966118706592,21.673883438110366,24,16.32684122721355
2019-10-16,29.83385450575088,13.705657619900194,21.656197724518965,24,16.128196885850688
2019-10-17,30.52381591796876,13.103835720486131,22.413572254887345,24,17.41998019748263
2019-10-18,31.766741265191,15.853391181098118,23.69620632595486,24,15.913350084092883
2019-10-19,31.821957736545187,14.49244350857208,23.760907773618353,24,17.329514227973107
2019-10-20,32.448974609375,15.682175021701426,24.589175415039076,24,16.766799587673574
2019-10-21,32.93552347819008,15.502146742078992,24.59348771837023,24,17.433376736111086
2019-10-22,31.594875420464405,13.26788330078125,22.148150097882308,24,18.326992119683155
2019-10-23,28.90046047634553,12.169261678059913,20.819320862381563,24,16.731198798285618
2019-10-24,33.118133884006056,13.94683193630641,24.406120766533743,24,19.171301947699646
2019-10-25,30.7258124457465,17.394687567816845,24.20388901321977,24,13.331124877929653
2019-10-26,30.847003851996533,18.445002916124167,23.560884320294424,24,12.402000935872366
2019-10-27,31.97698228624131,16.555321248372422,24.57616012008103,24,15.421661037868887
2019-10-28,32.037455240885436,13.944491916232664,23.14248840897172,24,18.09296332465277
2019-10-29,23.946887207031295,9.721751912434913,16.436526390358264,24,14.225135294596383
2019-10-30,26.52497321234813,10.11720784505212,18.274131068476933,24,16.407765367296008
2019-10-31,26.745902845594685,9.688179185655372,19.063710262157308,24,17.057723659939313
2019-11-01,27.044467502170164,13.599636501736086,18.970903552020047,24,13.444831000434078
2019-11-02,23.101944986979163,13.286586168077235,17.852069388495554,24,9.815358818901927
2019-11-03,27.80321723090276,12.584399074978307,21.522044104116933,24,15.218818155924453
2019-11-04,28.262301635742233,13.865984768337682,22.119242477417,24,14.39631686740455
2019-11-05,28.382435099283896,15.335844590928843,21.81875408313893,24,13.046590508355052
2019-11-06,29.29271172417532,14.639968193901892,22.297966526172782,24,14.652743530273428
2019-11-07,30.68469950358076,15.76312188042533,23.58017329463253,24,14.921577623155429
2019-11-08,30.574672105577292,15.847280205620676,22.498471012821913,24,14.727391899956617
2019-11-09,26.49060702853734,14.774206203884546,19.731563101874464,24,11.716400824652794
2019-11-10,24.001068454318613,13.381313069661472,19.046183706212947,24,10.619755384657141
2019-11-11,25.249852498372377,16.256327650282117,20.347804076583305,24,8.99352484809026
2019-11-12,25.21583150227866,15.678353542751722,19.66371491043658,24,9.537477959526939
2019-11-13,24.672768825954847,15.447076416015648,19.339413438019935,24,9.2256924099392
2019-11-14,26.230395846896727,13.130155775282104,19.528014529192898,24,13.100240071614623
2019-11-15,24.42919921875,9.964819675021715,17.948468356662335,24,14.464379543728285
2019-11-16,27.386705186631957,11.34627448187939,20.08086471557618,24,16.040430704752566
2019-11-17,29.1113291422526,15.356644354926232,22.13101678071199,24,13.754684787326369
2019-11-18,29.001877848307288,15.95031806098092,21.59347224765355,24,13.051559787326369
2019-11-19,28.353196207682288,15.0435760498047,20.833806949191636,24,13.309620157877587
2019-11-20,27.304248385959227,16.565268283420153,21.300622643364807,24,10.738980102539074
2019-11-21,24.286432902018248,14.584568617079016,18.583827039930565,24,9.701864284939232
2019-11-22,25.78284030490454,14.4727898491754,19.967578407570183,24,11.310050455729138
2019-11-23,26.738323296440967,15.91773579915366,20.16102841695151,24,10.820587497287308
2019-11-24,27.295987616644993,15.571901787651882,21.176821348402246,24,11.724085828993111
2019-11-25,28.238177490234364,11.561070421006946,20.925169584486223,24,16.677107069227418
2019-11-26,27.62494032118059,12.09508836534286,20.56188553704157,24,15.529851955837728
2019-11-27,28.390541924370662,15.197192382812544,21.95487450493707,24,13.193349541558119
2019-11-28,29.013249715169252,16.630223253038196,22.533168199327278,24,12.383026462131056
2019-11-29,29.11880967881945,16.786526150173643,22.656392966376416,24,12.332283528645807
2019-11-30,29.272206963433177,15.956816609700525,22.581890558313443,24,13.315390353732653
2019-12-01,29.77181532118055,16.11567382812501,23.21868325692637,24,13.65614149305554
2019-12-02,30.11516927083335,15.807826063368054,23.304711334793666,24,14.307343207465294
2019-12-03,30.1539099799262,16.2159413655599,23.251983388264986,24,13.937968614366302
2019-12-04,15.2733174641927,10.308273993598108,12.956523273609314,24,4.965043470594592
2019-12-05,13.29363267686631,10.13898722330731,11.804169916223609,24,3.1546454535589987
2019-12-06,15.823302883572069,11.699428304036472,14.023287766068082,24,4.123874579535597
2019-12-07,17.261716376410618,13.120317586263011,15.159936876650223,24,4.141398790147607
2019-12-08,21.160456339518305,12.920772298177098,16.664587261058674,24,8.239684041341206
2019-12-09,17.85266486273872,14.59276699490016,15.941184700859933,24,3.2598978678385606
2019-12-10,18.14380391438806,11.799545627170176,14.916843668619805,24,6.344258287217883
2019-12-11,22.41374342176653,11.679708862304722,16.929396565755223,24,10.734034559461808
2019-12-12,23.550244479709193,10.308307223849852,17.748592404966008,24,13.241937255859341
2019-12-13,22.459356689453102,13.826917521158862,17.986494558828852,24,8.63243916829424
2019-12-14,24.381491427951403,14.158464898003444,19.444750736377873,24,10.223026529947958
2019-12-15,27.3693888346354,13.937907918294286,21.075575651945904,24,13.431480916341116
2019-12-16,26.484949408637192,11.833411661783884,19.880367363823794,24,14.651537746853307
2019-12-17,24.255005221896734,12.342409939236177,18.474348011723283,24,11.912595282660558
2019-12-18,25.928409491645027,15.08087226019967,20.718236259177896,24,10.847537231445358
2019-12-19,27.441571044921886,17.563831244574658,22.870682454992235,24,9.877739800347229
2019-12-20,30.12327779134114,17.452363755967895,23.90175990351926,24,12.670914035373244
2019-12-21,28.269083997938424,17.60253872341582,21.750179446185086,24,10.666545274522605
2019-12-22,25.64508700900609,16.268687269422742,20.47133698640047,24,9.376399739583348
2019-12-23,23.397368367512968,15.579688178168396,19.06796921624078,24,7.817680189344571
2019-12-24,25.57667405870228,15.787380642361144,21.07967338562013,24,9.789293416341136
2019-12-25,27.767684597439256,16.54975111219619,22.558838003653083,24,11.217933485243066
2019-12-26,28.419786919487876,17.8084737141927,23.199723010592994,24,10.611313205295176
2019-12-27,26.92858954535592,17.29767150878905,22.21371047408493,24,9.630918036566868
2019-12-28,22.609149169921864,14.148151991102452,18.533564023618343,24,8.460997178819412
2019-12-29,22.35145161946616,14.70354783799911,18.116739937111195,24,7.6479037814670505
2019-12-30,24.001573011610276,15.295232815212673,20.320323181152347,24,8.706340196397603
2019-12-31,26.278038533528672,15.639055040147582,21.902961024531624,24,10.63898349338109
2020-01-01,26.082932196723107,16.81209682888459,20.807076673154487,24,9.270835367838515
2020-01-02,28.486096530490443,16.56031019422744,21.731063037448468,24,11.925786336263002
2020-01-03,28.42975124782987,16.493993801540853,22.133913887871653,24,11.935757446289017
2020-01-04,28.54659559461811,17.243334621853307,22.093721728854728,24,11.303260972764804
2020-01-05,26.446329074435823,15.866533067491332,21.458313087180816,24,10.579796006944491
2020-01-06,28.77269829644098,16.496636962890648,22.73355926231103,24,12.27606133355033
2020-01-07,24.48216281467012,18.281481255425376,20.87582229331689,24,6.200681559244742
2020-01-08,25.098600938585093,17.23290473090276,20.941426496152538,24,7.865696207682333
2020-01-09,25.75104336208767,16.995529174804688,21.043199553313087,24,8.755514187282984
2020-01-10,23.350053575303832,15.838467407226574,19.47066040039063,24,7.511586168077258
2020-01-11,21.075140041775228,15.030916341145884,18.068198974044247,24,6.0442237006293436
2020-01-12,25.59614698621959,14.212870619032117,20.48733664618599,24,11.383276367187474
2020-01-13,24.22217712402346,15.92546963161891,19.122140969170477,24,8.29670749240455
2020-01-14,23.91474372016063,15.186268785264758,19.5668258101852,24,8.728474934895871
2020-01-15,25.1395273844401,14.437412177191844,20.003081032081894,24,10.702115207248257
2020-01-16,26.544536336263036,14.320016140408027,20.525389692518456,24,12.224520195855009
2020-01-17,26.65241495768231,13.599614461263002,20.86989059448243,24,13.052800496419309
2020-01-18,21.396038479275205,15.9240702311198,18.324255625406916,24,5.471968248155406
2020-01-19,24.30138719346786,15.551289876302064,19.172810561568657,24,8.750097317165796
2020-01-20,22.844733683268203,13.72938639322922,18.55593674271196,24,9.115347290038983
2020-01-21,24.775952826605874,14.476736789279528,18.986541168778047,24,10.299216037326346
2020-01-22,27.365040418836827,15.609443834092929,20.71943486531577,24,11.755596584743898
2020-01-23,27.614537556966127,16.029306030273403,20.22691343801994,24,11.585231526692723
2020-01-24,22.76912333170571,15.585513305664051,18.221925029048222,24,7.183610026041659
2020-01-25,23.1071746826172,15.45831943088109,18.60796558238843,24,7.648855251736109
2020-01-26,26.214889526367188,15.321320258246544,20.505697109081133,24,10.893569268120643
2020-01-27,26.62425774468312,14.004996066623278,20.42447059066208,24,12.619261678059843
2020-01-28,24.55976155598961,13.903268093532972,18.716410742865687,24,10.656493462456638
2020-01-29,27.23211127387151,12.512680392795176,20.62458922774704,24,14.719430881076335
2020-01-30,26.376628282335048,16.79083828396267,21.178802518491405,24,9.585789998372377
2020-01-31,26.79150390625,15.107205539279503,21.21677884702331,24,11.684298366970497
2020-02-01,29.366049533420153,16.61194525824652,22.6483627178051,24,12.754104275173631
2020-02-02,28.649072265625023,14.47455003526477,21.62081201341418,24,14.174522230360253
2020-02-03,27.621050686306432,13.602960544162327,21.54427658363626,24,14.018090142144105
2020-02-04,27.610277642144126,15.835866631401927,22.152586209332515,24,11.774411010742199
2020-02-05,27.31035461425779,15.954489474826405,22.091154155024785,24,11.355865139431385
2020-02-06,26.47198282877605,16.762473890516503,20.93040056581852,24,9.709508938259546
2020-02-07,26.325419108072936,17.058396402994788,20.71027960600678,24,9.267022705078148
2020-02-08,22.14378763834634,14.640057373046886,18.150582405372912,24,7.503730265299453
2020-02-09,25.464890204535607,13.059864976671008,19.815603312739633,24,12.405025227864598
2020-02-10,25.63269958496096,15.67602505154082,19.559267072324413,24,9.95667453342014
2020-02-11,23.10652364095057,13.762610541449703,18.380706546924742,24,9.343913099500867
2020-02-12,23.06486545138893,11.58374294704862,17.40749582361293,24,11.48112250434031
2020-02-13,24.528261650933132,12.855997382270004,19.15677250049733,24,11.672264268663127
2020-02-14,27.04175075954862,14.58616977267792,21.66602880689834,24,12.4555809868707
2020-02-15,28.46546800401478,16.430902099609398,22.316701691238986,24,12.034565904405383
2020-02-16,27.67340596516931,15.049516465928832,21.70307285167554,24,12.623889499240477
2020-02-17,29.241555447048597,15.218838840060812,22.78205765618219,24,14.022716606987785
2020-02-18,25.801613362630235,18.092240397135413,20.892209879557306,24,7.709372965494822
2020-02-19,25.134303792317723,16.63513929578994,20.536231231689474,24,8.499164496527783
2020-02-20,25.29029371473524,17.257157050238675,20.701330580534773,24,8.033136664496563
2020-02-21,26.47826029459634,15.68280097113717,21.260547510782896,24,10.79545932345917
2020-02-22,24.553235541449624,16.78298068576396,19.584932977181907,24,7.770254855685664
2020-02-23,23.103234863281273,13.165364583333371,18.619670980948005,24,9.937870279947902
2020-02-24,23.37720438639326,10.810340372721328,16.799826586688013,24,12.566864013671932
2020-02-25,24.176298353407105,9.964262220594662,18.18491930078579,24,14.212036132812443
2020-02-26,26.31651984320746,13.172174411349827,20.1687967794913,24,13.144345431857632
2020-02-27,27.31957092285154,13.95757310655381,20.662233352661136,24,13.36199781629773
2020-02-28,25.32461107042104,13.590521918402828,18.603174746478057,24,11.73408915201821
2020-02-29,19.08429124620227,12.488422987196202,15.56884598908602,24,6.5958682590060675
2020-03-01,19.40196872287328,12.734753757053,16.003238211737763,24,6.667214965820282
2020-03-02,17.771445719401072,13.70204535590284,15.172308646308068,24,4.069400363498232
2020-03-03,20.722674560546864,11.550258382161472,16.001697950009955,24,9.172416178385392
2020-03-04,23.638266669379338,10.672901068793408,17.375449992992266,24,12.96536560058593
2020-03-05,25.745031060112865,11.227598741319412,18.65443204243979,24,14.517432318793453
2020-03-06,24.47462022569448,11.246374511718727,17.983021926879886,24,13.228245713975753
2020-03-07,23.85119798448352,10.306440904405406,16.950617006089967,24,13.544757080078114
2020-03-08,25.167581515842016,11.451216295030406,18.69876441955568,24,13.71636522081161
2020-03-09,25.884485202365457,12.479749552408862,19.546750513712578,24,13.404735649956596
2020-03-10,24.805696275499145,14.229078843858533,19.93972343162255,24,10.576617431640612
2020-03-11,25.847103881835892,13.88506740993921,20.03966656437628,24,11.962036471896681
2020-03-12,23.09532843695746,15.091858927408907,18.202619821053975,24,8.003469509548552
2020-03-13,20.160859510633713,13.392414686414952,16.699503368801558,24,6.768444824218761
2020-03-14,23.886511569552965,13.428010050455724,18.73193065502026,24,10.458501519097242
2020-03-15,26.033770073784694,14.083575100368932,20.080289586385096,24,11.950194973415762
2020-03-16,24.440882025824635,12.98267449273004,18.41594349896468,24,11.458207533094596
2020-03-17,19.369934421115488,12.644113837348073,16.021662549619332,24,6.725820583767415
2020-03-18,21.369694349500833,13.27276814778645,17.251188348840788,24,8.096926201714382
2020-03-19,24.49103190104171,13.34966837565105,18.92321614865905,24,11.141363525390659
2020-03-20,24.98256734212237,13.613096449110287,19.54104198879667,24,11.369470893012082
2020-03-21,25.380527411566845,13.914573838975684,19.444169673213267,24,11.465953572591161
2020-03-22,19.655233086480052,13.834540473090328,16.323568146317104,24,5.820692613389724
2020-03-23,22.968984985351597,12.126290215386293,17.24266761497216,24,10.842694769965304
2020-03-24,23.832658894856763,12.44478217230909,18.67979537116158,24,11.387876722547674
2020-03-25,24.73492702907987,12.798897976345527,19.259746396100095,24,11.936029052734343
2020-03-26,25.812709554036473,13.301571655273449,19.562514298050502,24,12.511137898763025
2020-03-27,22.82759162055123,10.115768093533006,15.922720478199158,24,12.711823527018225
2020-03-28,19.888215128580725,11.866973198784764,15.459363372237606,24,8.021241929795961
2020-03-29,22.661400689019104,10.66699693467882,16.945960857250085,24,11.994403754340283
2020-03-30,24.159345499674487,12.82202623155382,18.53140852186416,24,11.337319268120666
2020-03-31,22.02337070041233,14.771260240342883,17.73713955349393,24,7.252110460069446
2020-04-01,23.800524563259557,12.44373033311632,17.517148660730438,24,11.356794230143237
2020-04-02,17.951828681098107,12.214323255750855,14.952776195384848,24,5.737505425347251
2020-04-03,18.41363559299043,10.525705295138891,14.133703698052313,24,7.88793029785154
2020-04-04,17.93520202636722,9.367020670572913,13.60259341487179,24,8.568181355794309
2020-04-05,21.20459899902346,7.523449028862842,14.569900427924273,24,13.681149970160618
2020-04-06,23.349623616536466,9.09313252766924,16.39504924350316,24,14.256491088867225
2020-04-07,21.48512573242192,9.214432779947913,15.17912262810603,24,12.270692952474008
2020-04-08,20.568587917751756,8.105923122829893,14.844745268645122,24,12.462664794921864
2020-04-09,18.330654568142393,12.113087632921008,14.791096651995638,24,6.2175669352213845
2020-04-10,19.95453287760415,10.90886976453993,15.06030732614024,24,9.045663113064222
2020-04-11,21.972343275282128,11.329064941406273,16.210310900652868,24,10.643278333875855
2020-04-12,24.026446872287295,10.903592258029503,17.500821431477867,24,13.122854614257792
2020-04-13,23.799725680881124,12.388117472330748,18.11158749615706,24,11.411608208550376
2020-04-14,21.17994791666672,12.607340155707448,16.28518589161062,24,8.572607760959272
2020-04-15,19.56037563747833,8.59858364529083,14.031192652384457,24,10.9617919921875
2020-04-16,19.59967312282987,8.005055067274327,13.171999020046679,24,11.594618055555543
2020-04-17,20.732005479600673,5.624697875976551,13.481660051699052,24,15.107307603624122
2020-04-18,20.772426689995655,10.534985351562511,14.929175525241442,24,10.237441338433143
2020-04-19,20.12736002604169,9.24880303276916,15.534325818662303,24,10.878556993272529
2020-04-20,22.211470879448825,9.99975755479602,16.489423130176693,24,12.211713324652806
2020-04-21,22.876257663302965,10.43580593532988,16.311889817979615,24,12.440451727973086
2020-04-22,21.762220594618043,8.565579901801186,15.272371362756813,24,13.196640692816857
2020-04-23,20.426013183593795,8.611580403645803,15.03994225396051,24,11.814432779947992
2020-04-24,20.290519205729197,10.00158148871526,15.421623738606781,24,10.288937717013937
2020-04-25,20.848927137586827,11.185719468858563,15.364953938236964,24,9.663207668728264
2020-04-26,20.40185377332898,9.376105753580704,14.66908938090009,24,11.025748019748276
2020-04-27,18.46984625922312,11.852833387586829,14.374184629652254,24,6.617012871636293
2020-04-28,15.68390435112849,10.86961975097654,12.594015050817427,24,4.81428460015195
2020-04-29,16.70618455674918,7.2678683810764255,12.265937013979325,24,9.438316175672753
2020-04-30,18.421315511067743,5.123867797851574,11.740567878440581,24,13.297447713216169
2020-05-01,20.299962700737865,7.079101223415819,13.251086411652764,24,13.220861477322046
2020-05-02,20.500092569986975,7.253105333116309,13.763025834825308,24,13.246987236870666
2020-05-03,20.546741400824654,9.157123480902785,14.275448735555026,24,11.38961791992187
2020-05-04,21.37412211100263,5.521244981553821,14.34212608337404,24,15.85287712944881
2020-05-05,21.032675509982653,9.026084052191834,14.064449310302747,24,12.006591457790819
2020-05-06,19.88849012586809,8.436457316080748,13.584461975097666,24,11.45203280978734
2020-05-07,19.392309231228296,5.355451117621499,12.638050842285166,24,14.036858113606797
2020-05-08,20.83842875162765,6.790321519639747,13.874439974184403,24,14.048107231987903
2020-05-09,20.705858018663207,9.131376817491343,14.433991170812554,24,11.574481201171864
2020-05-10,19.765240817599818,6.8567765977647355,13.438173068011253,24,12.908464219835082
2020-05-11,20.270311482747445,8.96509975857208,14.240763445253739,24,11.305211724175365
2020-05-12,20.379506768120677,7.452175225151905,13.303808989348246,24,12.927331542968773
2020-05-13,20.378691270616343,6.161947970920153,13.126423235292803,24,14.21674329969619
2020-05-14,18.979693603515617,3.5709136962890966,11.576877466837582,24,15.40877990722652
2020-05-15,19.219013468424464,4.6699205186632184,11.574461845115396,24,14.549092949761246
2020-05-16,19.69805908203125,6.444741482204847,12.560763945402933,24,13.253317599826403
2020-05-17,19.319484117295985,4.690210639105942,11.77536895186813,24,14.629273478190044
2020-05-18,20.59966464572483,5.77003953721794,12.806484561496326,24,14.829625108506889
2020-05-19,20.74447699652779,7.801166110568545,13.779064178466816,24,12.943310885959246
2020-05-20,20.533110215928843,5.931546020507824,13.410609563191741,24,14.60156419542102
2020-05-21,18.163062201605896,6.862493896484409,12.225241399694385,24,11.300568305121487
2020-05-22,19.373981730143218,7.301588609483474,12.694429482354067,24,12.072393120659743
2020-05-23,19.651352945963534,6.7474511040582,13.07103566770202,24,12.903901841905334
2020-05-24,19.20015089246959,6.336400689019115,12.837479979903607,24,12.863750203450476
2020-05-25,18.682234361436656,7.303184339735253,12.6554222672074,24,11.379050021701403
2020-05-26,15.456764051649316,2.3794514973958485,9.037020972923,24,13.077312554253467
2020-05-27,11.309147135416652,0.1750020345052121,4.962049809208629,24,11.13414510091144
2020-05-28,15.415188598632824,1.830571492513002,7.986905627780504,24,13.584617106119822
2020-05-29,17.44099460177955,1.9437710232205063,9.455656362462944,24,15.497223578559044
2020-05-30,20.326801215277783,5.108707004123289,12.483436372545048,24,15.218094211154494
2020-05-31,21.34277682834204,9.214893595377646,13.95701982003672,24,12.127883232964393
2020-06-01,21.3425387912327,7.597823418511325,13.696288794058354,24,13.744715372721373
2020-06-02,22.077690294053863,8.556916978624145,14.249727305659547,24,13.520773315429718
2020-06-03,21.330312093098996,9.16230807834205,14.651271057128918,24,12.168004014756946
2020-06-04,20.52021179199221,6.250463189019115,13.212203767564574,24,14.269748602973095
2020-06-05,18.664742024739553,4.41137966579862,11.512147550229685,24,14.253362358940933
2020-06-06,18.864413452148423,5.8830108642578125,11.307558483547643,24,12.98140258789061
2020-06-07,18.616676839192735,5.843833753797753,11.822578543203855,24,12.772843085394982
2020-06-08,18.149527994791697,6.23834771050349,11.756088539406122,24,11.911180284288207
2020-06-09,17.833352322048654,5.138849894205748,10.755879154911762,24,12.694502427842906
2020-06-10,17.22767706976998,3.489045206705726,10.760634966249832,24,13.738631863064256
2020-06-11,15.105233425564222,3.357260470920153,9.846438316062647,24,11.74797295464407
2020-06-12,9.465265909830748,-0.7309943305121465,3.81563432481556,24,10.196260240342895
2020-06-13,12.535635715060778,-2.1073628743489508,5.070834760312697,24,14.642998589409729
2020-06-14,13.129908582899304,-1.1685004340277487,6.217901681970683,24,14.298409016927053
2020-06-15,14.01666700575089,0.8303677029080063,6.686738727710877,24,13.186299302842883
2020-06-16,7.997716606987808,2.534775797526038,5.342616356743716,24,5.46294080946177
2020-06-17,11.016986423068602,2.833624267578159,6.6069797374584,24,8.183362155490443
2020-06-18,11.926301744249145,1.1677876790364508,6.603744633992527,24,10.758514065212694
2020-06-19,13.161735365125878,-0.1997823079427121,6.6449291087963,24,13.36151767306859
2020-06-20,14.999730088975696,4.552999199761246,8.453597965946917,24,10.44673088921445
2020-06-21,15.856249660915807,0.8394924587673245,8.04266993204754,24,15.016757202148483
2020-06-22,16.449292331271693,0.5281931559244981,8.627597695809834,24,15.921099175347194
2020-06-23,16.423122151692723,2.1562601725260606,8.876025093926335,24,14.266861979166663
2020-06-24,17.915872870551254,3.4148095024956433,10.12518169261792,24,14.501063368055611
2020-06-25,16.219322035047753,1.7008368598090442,8.4653635095667,24,14.518485175238709
2020-06-26,15.509173923068658,2.27222595214846,8.65350090309427,24,13.236947970920198
2020-06-27,16.931681654188424,1.3417046440972058,8.252713040952342,24,15.589977010091218
2020-06-28,15.303194851345552,2.738372463650194,7.799171377111382,24,12.564822387695358
2020-06-29,16.95586310492621,0.6045484754774293,7.572698692039213,24,16.35131462944878
2020-06-30,18.364423285590306,-0.2079722086588162,8.695490264892582,24,18.572395494249122
2020-07-01,16.862679714626722,3.2531578911675183,9.381682629055456,24,13.609521823459204
2020-07-02,18.276421780056467,2.4012624104817633,9.653025846128122,24,15.875159369574703
2020-07-03,19.343737114800376,1.5351169162327096,10.021159772519722,24,17.808620198567667
2020-07-04,19.05902709960941,5.376800876193556,11.2031526071054,24,13.682226223415853
2020-07-05,19.71947089301216,1.4177378336588615,10.523815451727986,24,18.3017330593533
2020-07-06,21.6255204942492,5.429293823242233,12.227902518378373,24,16.19622667100697
2020-07-07,21.290303209092883,6.111965264214405,12.680094937924991,24,15.178337944878479
2020-07-08,16.735254923502566,5.7923322889540145,10.397899698328098,24,10.942922634548552
2020-07-09,16.347770860460116,6.213001166449658,10.449881221629967,24,10.134769694010458
2020-07-10,17.90086907280812,5.124231974283816,11.738502869782634,24,12.776637098524304
2020-07-11,10.96466437445747,1.6015831841363024,7.395155221444594,24,9.363081190321168
2020-07-12,15.32549879286023,-1.0166144476996806,6.834003363715293,24,16.34211324055991
2020-07-13,16.521861436631923,0.9469502766927462,8.222242496631784,24,15.574911159939177
2020-07-14,10.504605780707491,0.9336032443576414,5.217354908695941,24,9.57100253634985
2020-07-15,14.282130601670984,-1.8527594672308396,5.478152437563312,24,16.134890068901825
2020-07-16,17.260956149631056,-3.0017378065321054,7.299932324444815,24,20.26269395616316
2020-07-17,19.622963460286485,3.419136216905372,10.633324912742344,24,16.203827243381113
2020-07-18,20.036328464084193,4.239237806532117,10.63778495788577,24,15.797090657552076
2020-07-19,21.248077731662303,3.091009182400171,11.799954322532374,24,18.15706854926213
2020-07-20,19.63653225368921,1.7510450575086909,10.646518580118835,24,17.88548719618052
2020-07-21,19.858971489800354,4.299365573459227,11.082096891049998,24,15.559605916341127
2020-07-22,19.20245293511283,0.5741058349609602,10.717285594233772,24,18.62834710015187
2020-07-23,18.16850958930121,-0.2253495958116218,8.885322867499474,24,18.39385918511283
2020-07-24,16.48131510416664,0.379000854492233,8.097356103967742,24,16.102314249674407
2020-07-25,15.695539347330737,0.8168331570095688,8.072509087456604,24,14.878706190321168
2020-07-26,17.5417449951172,0.9811957465278168,9.047935796667042,24,16.560549248589382
2020-07-27,16.086048719618077,3.581776258680577,9.040155848750368,24,12.5042724609375
2020-07-28,14.885418701171886,5.044504123263891,9.002848505090796,24,9.840914577907995
2020-07-29,17.68902655707467,2.457117716471373,10.001618943391035,24,15.231908840603296
2020-07-30,19.266756863064188,5.003530883789097,11.248024763884379,24,14.263225979275092
2020-07-31,20.653303697374156,3.189350043402783,12.04476218046967,24,17.463953653971373
2020-08-01,21.600189548068613,7.639831882052988,13.552863806265387,24,13.960357666015625
2020-08-02,21.79820556640624,2.5592831081814325,12.49922466984503,24,19.238922458224806
2020-08-03,21.345380655924487,3.907024468315967,12.035808563232438,24,17.43835618760852
2020-08-04,21.090665011935755,4.924943372938401,11.915158095183216,24,16.165721638997354
2020-08-05,20.83098415798611,6.311110772026893,13.01423054447882,24,14.519873385959215
2020-08-06,20.583284166124145,5.910896131727441,12.302450731065555,24,14.672388034396704
2020-08-07,14.543917168511314,4.830289713541674,9.394505027488437,24,9.71362745496964
2020-08-08,17.245144992404505,4.3395314534504905,10.468252987331828,24,12.905613538954015
2020-08-09,21.32544114854602,6.263810560438401,13.305031486793814,24,15.061630588107619
2020-08-10,19.791413709852407,2.8153065999348996,11.016607849686253,24,16.976107109917507
2020-08-11,20.325274658203114,0.7828986273871692,11.75698619418675,24,19.542376030815944
2020-08-12,23.028538004557333,6.590249633789085,14.135123853330265,24,16.438288370768248
2020-08-13,19.627648925781216,3.694919162326414,10.810360844930031,24,15.932729763454802
2020-08-14,20.23060099283856,0.2171145968966925,11.48451179221827,24,20.013486395941868
2020-08-15,22.95891011555989,8.08978169759115,15.031240251329221,24,14.869128417968739
2020-08-16,18.448035685221384,2.594077894422753,10.971446016099732,24,15.853957790798631
2020-08-17,20.797069973415773,0.382313368055577,11.625375450981998,24,20.414756605360196
2020-08-18,16.235875447591184,0.94647759331599,9.047810716982257,24,15.289397854275194
2020-08-19,14.632707383897582,-0.5245761447482664,6.6839121359366045,24,15.157283528645848
2020-08-20,16.358035956488777,0.5436286078559078,8.640817006429051,24,15.81440734863287
2020-08-21,18.55651414659286,4.26125217013896,11.35475234985354,24,14.2952619764539
2020-08-22,18.279969278971407,5.139035034179699,11.318974360713268,24,13.140934244791708
2020-08-23,21.25178561740455,3.8136840820312727,12.842647255791569,24,17.438101535373278
2020-08-24,23.23468424479171,5.730813259548597,14.685255672313557,24,17.50387098524311
2020-08-25,24.831449720594605,8.230872938368066,16.810353116635934,24,16.60057678222654
2020-08-26,26.283462185329824,11.73859456380211,18.437192337601278,24,14.544867621527715
2020-08-27,22.688453165690134,9.993990410698814,16.043897176671926,24,12.69446275499132
2020-08-28,23.969888983832504,10.916073947482689,17.107281197441967,24,13.053815036349816
2020-08-29,21.71027933756511,8.110891045464427,15.812211326316564,24,13.599388292100684
2020-08-30,17.38426784939236,3.709820556640637,9.667728791413488,24,13.674447292751722
2020-08-31,18.60222981770835,2.531302218967028,11.018455335829008,24,16.07092759874132
2020-09-01,12.912487114800342,8.931550428602407,10.520172712537994,24,3.9809366861979356
2020-09-02,16.523705037434922,7.935017225477452,11.90619133843317,24,8.58868781195747
2020-09-03,22.7988437228733,8.986137898763047,15.619454560456466,24,13.812705824110253
2020-09-04,25.88958435058595,8.476104736328125,17.785074770892116,24,17.413479614257824
2020-09-05,24.426232910156273,8.447721693250855,16.416792438648383,24,15.978511216905417
2020-09-06,22.85155300564236,9.009145100911496,15.768885803222675,24,13.842407904730862
2020-09-07,24.091596476236987,8.359220038519993,16.412462107340506,24,15.732376437716994
2020-09-08,25.643108113606782,8.038953653971362,17.873562381885687,24,17.60415445963542
2020-09-09,26.39317966037328,7.717952134874167,17.517753572817206,24,18.675227525499114
2020-09-10,26.5315117730035,8.14586385091144,17.623344054045507,24,18.385647922092062
2020-09-11,25.58970777723522,7.970682101779516,16.8728820376926,24,17.619025675455703
2020-09-12,24.77613254123264,8.188221232096396,16.71851491574889,24,16.587911309136246
2020-09-13,22.681503634982676,8.9650858561198,16.00555164195875,24,13.716417778862876
2020-09-14,25.47377929687497,9.787074788411472,18.245763651529955,24,15.686704508463498
2020-09-15,26.93889567057289,10.219762166341184,19.6609096950955,24,16.719133504231706
2020-09-16,25.65651346842452,11.603850301106776,17.6798639368128,24,14.052663167317744
2020-09-17,27.29972974989153,8.022380574544286,18.59126226637099,24,19.277349175347243
2020-09-18,26.44113803439666,12.53987765842021,19.47803693700721,24,13.901260375976449
2020-09-19,28.297093031141515,11.660304429796042,20.317175307097273,24,16.636788601345472
2020-09-20,28.460035536024293,14.965833197699624,21.669288903695577,24,13.49420233832467
2020-09-21,28.59582383897572,11.739590115017393,20.185473124186206,24,16.856233723958326
2020-09-22,22.10003560384115,8.943819851345495,14.996710911503563,24,13.156215752495655
2020-09-23,23.89764133029513,7.666836547851574,15.903536054823144,24,16.230804782443556
2020-09-24,26.3353302001953,9.647695244683176,18.928433538366253,24,16.687634955512124
2020-09-25,29.300816853841127,13.6608856201172,21.42827295373988,24,15.639931233723926
2020-09-26,23.340967814127623,8.531352064344617,16.96166353578922,24,14.809615749783006
2020-09-27,24.77356465657556,6.183072238498255,15.785956926699043,24,18.590492418077304
2020-09-28,24.21757710774739,5.697055053710926,15.39334185564961,24,18.520522054036462
2020-09-29,24.02586602105032,6.080130683051209,15.20057965031378,24,17.94573533799911
2020-09-30,22.93115641276046,9.188517252604186,15.875852740252475,24,13.742639160156273
2020-10-01,23.15350613064237,12.05510559082029,16.052283209341557,24,11.09840053982208
2020-10-02,18.936600748697913,10.882387627495689,14.62582639058432,24,8.054213121202224
2020-10-03,20.820713297526083,11.604601372612876,15.42652295430503,24,9.216111924913207
2020-10-04,26.103592936197913,10.264423963758702,18.182679056238246,24,15.83916897243921
2020-10-05,25.689755927191868,12.348783704969662,17.769497680664074,24,13.340972222222206
2020-10-06,21.681503974066857,12.517052205403672,16.540788113629393,24,9.164451768663184
2020-10-07,20.431475490993932,11.05957472059464,15.668418997305421,24,9.371900770399293
2020-10-08,22.111296929253456,9.905348714192712,15.701359671133538,24,12.205948215060744
2020-10-09,22.37988518608944,11.319185045030396,17.35094947814942,24,11.060700141059042
2020-10-10,25.526797146267427,12.527753702799489,18.494511682015887,24,12.999043443467938
2020-10-11,17.101966010199646,10.442178005642347,12.922157626681873,24,6.659788004557299
2020-10-12,17.742007107204813,9.4479970296224,12.66244635405364,24,8.294010077582413
2020-10-13,23.650656467013903,10.617435709635402,16.37624161331743,24,13.033220757378501
2020-10-14,24.44952426486543,8.764422268337682,17.30905385900428,24,15.685101996527749
2020-10-15,25.87750176323783,10.337251451280396,18.426856599030685,24,15.540250311957434
2020-10-16,29.12328965928822,13.328963894314256,21.253458701239705,24,15.794325764973962
2020-10-17,28.189217461480094,13.354144965277785,20.880307501333743,24,14.83507249620231
2020-10-18,30.74420674641931,16.417447577582493,23.724444127965864,24,14.326759168836816
2020-10-19,30.89391818576388,15.328099568684877,23.900401871292686,24,15.565818617079003
2020-10-20,30.892157999674453,15.793167453341994,24.10844425625272,24,15.098990546332459
2020-10-21,26.428897433810732,14.717278713650217,20.36939392089845,24,11.711618720160516
2020-10-22,28.19772610134544,12.203833346896715,20.525471920437294,24,15.993892754448726
2020-10-23,30.917559814453114,13.788742404513926,22.79407169200758,24,17.128817409939188
2020-10-24,31.182653469509543,13.819699096679756,22.876808194760937,24,17.362954372829787
2020-10-25,32.23793233235676,14.087705145941868,23.380272646303535,24,18.150227186414895
2020-10-26,25.800556437174464,15.736612616645004,21.406813190601508,24,10.06394382052946
2020-10-27,27.648709106445324,15.915499877929676,21.718023540355546,24,11.733209228515648
2020-10-28,29.845978461371544,15.44552103678393,22.749070570203997,24,14.400457424587614
2020-10-29,28.909997558593773,16.583411322699646,22.40642119513619,24,12.326586235894126
2020-10-30,29.997116088867188,14.816096666124167,22.844181498774784,24,15.18101942274302
2020-10-31,26.917194959852452,14.384490966796877,19.800897018997766,24,12.532703993055575
2020-11-01,18.06347724066836,12.922317504882812,14.982495201958558,24,5.141159735785546
2020-11-02,22.772782389322913,12.82195977105033,16.655240927802208,24,9.950822618272582
2020-11-03,23.162144300672765,12.861581759982698,17.68176820543078,24,10.300562540690066
2020-11-04,23.15045403374569,12.30841335720487,18.194476770471656,24,10.842040676540819
2020-11-05,22.65375298394099,13.216919284396738,17.34397094161424,24,9.436833699544252
2020-11-06,26.239669121636325,12.851078287760402,19.403386546947353,24,13.388590833875924
2020-11-07,28.69956698947487,13.07946845160592,21.794382109465435,24,15.620098537868952
2020-11-08,31.493081665039085,14.989990573459238,23.663230161313674,24,16.503091091579847
2020-11-09,27.76270921495228,16.199915228949635,22.185878329806865,24,11.562793986002646
2020-11-10,20.919943915473084,14.642430962456617,17.80207762541595,24,6.277512953016467
2020-11-11,21.61110805935334,13.02708740234374,16.40426745944555,24,8.584020657009601
2020-11-12,21.656936645507812,12.801130506727477,16.502974418357574,24,8.855806138780336
2020-11-13,24.024239095052053,11.321817016601583,18.01640958432799,24,12.70242207845047
2020-11-14,25.60978291829429,11.915876600477477,19.643625541969595,24,13.693906317816813
2020-11-15,27.223863389756957,12.420941501193568,20.49511450308341,24,14.80292188856339
2020-11-16,27.87940572102866,14.274124484591994,21.434621584856966,24,13.605281236436667
2020-11-17,27.635388522678,14.800085110134546,21.16642539412888,24,12.835303412543453
2020-11-18,28.979528808593784,14.703759765625025,22.104645820900263,24,14.27576904296876
2020-11-19,30.33913167317712,15.368560451931389,23.257447871455454,24,14.970571221245732
2020-11-20,26.622267659505212,15.664357164171008,19.84477921945079,24,10.957910495334204
2020-11-21,20.80688239203556,13.89000651041664,17.00330249645093,24,6.916875881618921
2020-11-22,22.50464884440106,14.546321614583348,17.873675226282206,24,7.958327229817712
2020-11-23,26.833431328667587,15.41252644856769,20.608680442527493,24,11.420904880099897
2020-11-24,27.54128214518232,15.264169989691824,20.721579516375517,24,12.277112155490494
2020-11-25,28.276463826497434,11.930268351236975,20.654681311713333,24,16.34619547526046
2020-11-26,25.037564765082493,15.64014587402346,19.80012061507615,24,9.397418891059033
2020-11-27,27.156151326497422,14.370878431532162,20.391643637198,24,12.78527289496526
2020-11-28,23.08537326388893,14.975258721245666,18.458327809086565,24,8.110114542643263
2020-11-29,24.12127956814237,15.432524617513025,19.062489106920037,24,8.688754950629345
2020-11-30,25.24102952745227,14.794901190863754,19.5603066055863,24,10.446128336588515
2020-12-01,26.210297987196157,13.142011854383668,19.3013641357422,24,13.068286132812489
2020-12-02,26.527198621961816,11.617619832356752,19.56599464416505,24,14.909578789605064
2020-12-03,20.83795912000869,12.862456936306444,16.578423111527073,24,7.975502183702247
2020-12-04,24.509306165907105,12.907440185546932,18.548962840327523,24,11.601865980360174
2020-12-05,18.592868381076418,12.4400624593099,14.918604815447779,24,6.152805921766518
2020-12-06,22.170738050672753,11.671849229600696,17.23405452304416,24,10.498888821072057
2020-12-07,24.208231608072936,13.923603990342883,19.22400070473001,24,10.284627617730052
2020-12-08,23.017932467990477,14.526156955295107,18.619569241559073,24,8.49177551269537
2020-12-09,23.785818820529528,15.377534654405396,19.249403508504233,24,8.408284166124131
2020-12-10,27.24933980305991,16.25836588541671,21.838160974008073,24,10.990973917643203
2020-12-11,28.13438347710502,17.95195956759983,22.53214821992098,24,10.18242390950519
2020-12-12,28.786408827039963,16.727672661675342,21.458592888160993,24,12.058736165364621
2020-12-13,24.96660359700519,15.958589341905396,20.48552070900247,24,9.008014255099793
2020-12-14,23.85942755805121,16.515606350368955,19.92787608393918,24,7.343821207682254
2020-12-15,24.198028564453125,15.173288302951336,19.46220831694427,24,9.024740261501789
2020-12-16,23.86810472276477,13.868805948893224,18.48442108719438,24,9.999298773871546
2020-12-17,20.2740468343099,14.84477742513019,17.6700609277796,24,5.42926940917971
2020-12-18,20.71479017469619,14.06866082085503,17.582397941306795,24,6.646129353841161
2020-12-19,25.075235663520004,12.776281399197105,19.011873626709004,24,12.2989542643229
2020-12-20,25.612460327148423,14.17949625651039,20.247233751085073,24,11.432964070638032
2020-12-21,25.77655877007379,15.484046427408884,20.971528893929946,24,10.292512342664907
2020-12-22,24.27336052788627,16.846597290039085,19.905553619949917,24,7.426763237847183
2020-12-23,25.5739705403646,16.87172817654084,20.454115592108842,24,8.702242363823757
2020-12-24,28.613981797960093,14.76709255642362,21.916529733163348,24,13.846889241536473
2020-12-25,25.07090928819451,16.94912346733946,20.57875634652598,24,8.121785820855049
2020-12-26,25.98322550455731,16.352560763888903,21.362352357087328,24,9.630664740668408
2020-12-27,27.81696133083767,17.13909776475691,22.628571785820856,24,10.67786356608076
2020-12-28,29.222755262586816,17.466392347547753,22.76297248557763,24,11.756362915039062
2020-12-29,28.10016716851129,17.590492078993066,22.395857153998488,24,10.509675089518225
2020-12-30,28.790800645616287,17.86547919379342,22.90044520342792,24,10.925321451822867
2020-12-31,27.929177856445335,16.979583401150137,22.661923528600628,24,10.949594455295198
2021-01-01,27.65182834201391,15.074201456705737,21.47418794985172,24,12.577626885308174
2021-01-02,19.865034993489587,13.649401177300376,16.14717260290077,24,6.215633816189211
2021-01-03,24.89692450629343,12.777146402994788,19.35158889205368,24,12.119778103298643
2021-01-04,25.5552998860677,14.724519517686645,20.25023389745643,24,10.830780368381056
2021-01-05,26.259058295355885,16.415381537543396,21.27068051938659,24,9.843676757812489
2021-01-06,26.690699937608542,16.385899183485208,20.374444848519797,24,10.304800754123335
2021-01-07,23.947002156575536,15.902863905164963,19.480143257423695,24,8.044138251410573
2021-01-08,24.861500379774327,17.060689629448802,20.769045582524058,24,7.800810750325525
2021-01-09,25.93632541232637,15.64934658474391,21.11846114264594,24,10.286978827582459
2021-01-10,26.22150505913629,17.726602511935766,20.96817102785464,24,8.494902547200525
2021-01-11,22.6138885498047,16.675458102756068,19.38235983671966,24,5.938430447048631
2021-01-12,23.676489257812538,16.085070461697057,19.88170390658909,24,7.59141879611548
2021-01-13,24.35243021647136,17.180631171332493,19.742843048660852,24,7.171799045138869
2021-01-14,24.77264200846355,16.881989542643225,20.18860179759839,24,7.890652465820324
2021-01-15,25.02740444607207,16.755151706271704,20.4661501283999,24,8.272252739800365
2021-01-16,25.59820827907987,15.804364352756124,20.54595943027074,24,9.793843926323746
2021-01-17,26.751735772026905,14.510955132378456,20.730687035454647,24,12.240780639648449
2021-01-18,25.28161383734812,16.654931979709204,20.58011299415872,24,8.626681857638918
2021-01-19,25.760051133897605,13.80946214463978,20.073823575620306,24,11.950588989257826
2021-01-20,27.42303704155819,13.67939792209205,21.580894074616623,24,13.743639119466138
2021-01-21,27.722257826063412,14.749844360351515,21.34526173626936,24,12.972413465711897
2021-01-22,28.08837890625,15.74672444661462,21.92637834902165,24,12.34165445963538
2021-01-23,29.067110866970495,14.642684597439256,22.497600626062468,24,14.424426269531239
2021-01-24,23.96125759548613,15.566328938802087,18.81352871082449,24,8.394928656684044
2021-01-25,19.25611945258248,14.74439154730902,16.87297084949636,24,4.511727905273462
2021-01-26,21.59687194824221,16.655881754557356,18.62064697830766,24,4.940990193684854
2021-01-27,23.45269402398003,16.70165100097654,19.217412016126854,24,6.75104302300349
2021-01-28,23.485383775499145,16.962204657660607,19.0801235764115,24,6.523179117838538
2021-01-29,21.366167873806432,16.47571546766494,17.938170072767477,24,4.890452406141492
2021-01-30,22.554595947265625,16.1854237874349,18.512979860659016,24,6.369172159830725
2021-01-31,23.870522393120662,16.40154554578993,19.186328859682444,24,7.468976847330733
2021-02-01,20.20745205349391,14.926745944552977,17.76357003671154,24,5.280706108940933
2021-02-02,16.458132934570358,11.9151641845703,14.134382700037081,24,4.542968750000059
2021-02-03,21.918517388237888,13.546578640408027,17.31255806816951,24,8.37193874782986
2021-02-04,20.861853366427965,15.48487345377606,17.801571499859865,24,5.376979912651905
2021-02-05,21.802540757921008,14.465253702799489,18.021411810980915,24,7.33728705512152
2021-02-06,19.816938612196168,15.47179328070746,17.479501413415992,24,4.345145331488707
2021-02-07,21.323077053493932,15.526147460937525,17.779681339970356,24,5.796929592556408
2021-02-08,23.500810411241275,14.802897135416686,18.688255154645013,24,8.69791327582459
2021-02-09,24.407728746202224,14.681893581814222,19.11006290294507,24,9.725835164388002
2021-02-10,24.72515597873263,14.793482801649304,19.34054624769424,24,9.931673177083326
2021-02-11,24.647577921549495,15.40576612684464,19.812520613493753,24,9.241811794704855
2021-02-12,23.82891710069447,13.747587415907162,18.944465128580745,24,10.081329684787306
2021-02-13,24.105966186523403,15.166895887586804,19.690026770697717,24,8.939070298936599
2021-02-14,24.20974934895833,16.105675252278672,19.962803211918597,24,8.104074096679657
2021-02-15,25.22514750162759,15.412275187174489,19.874949829666715,24,9.8128723144531
2021-02-16,22.71210394965277,12.157169596354152,17.078521657873083,24,10.55493435329862
2021-02-17,24.27114868164068,9.31237759060332,17.67960508841057,24,14.958771091037358
2021-02-18,26.136383734809044,16.053438652886314,21.06358795166017,24,10.08294508192273
2021-02-19,27.10133633083768,13.356158447265614,20.641640373512562,24,13.745177883572065
2021-02-20,27.09350857204862,13.71948310004342,21.0485243620696,24,13.3740254720052
2021-02-21,27.88928866916234,13.43256259494359,21.130164746884954,24,14.45672607421875
2021-02-22,22.004270765516537,16.308225843641537,19.08099533363626,24,5.696044921875
2021-02-23,23.262476603190123,15.68409322102866,18.894467473913142,24,7.578383382161464
2021-02-24,21.75122918023004,15.351771714952292,17.95503154330784,24,6.399457465277749
2021-02-25,22.51473965115019,15.02735188802086,17.506192666512963,24,7.48738776312933
2021-02-26,21.47601284450957,13.749929131401927,16.73730910972314,24,7.726083713107641
2021-02-27,20.49988267686632,12.996838717990444,16.464278722692438,24,7.503043958875876
2021-02-28,21.441540188259523,12.57403394911023,16.501913791232646,24,8.867506239149293
2021-03-01,21.20403103298611,10.655855645073814,15.762744762279377,24,10.548175387912295
2021-03-02,21.38349982367623,11.181836276584193,16.83006104363336,24,10.20166354709204
2021-03-03,23.17157897949221,13.239847479926198,18.0062934169063,24,9.931731499566013
2021-03-04,25.357809109157984,12.472769504123278,19.234236851444965,24,12.885039605034706
2021-03-05,26.205590820312523,13.72014194064667,20.32104567068596,24,12.485448879665853
2021-03-06,23.999230278862797,13.084739515516503,18.29048730355723,24,10.914490763346294
2021-03-07,26.64075826009116,12.997971598307288,19.475778890539107,24,13.642786661783873
2021-03-08,25.9630262586806,13.934232923719604,19.998120428014694,24,12.028793334960996
2021-03-09,24.960322062174495,14.570903523763036,20.066308805677643,24,10.389418538411459
2021-03-10,27.382258775499167,15.310606214735287,20.775461762039765,24,12.07165256076388
2021-03-11,27.966268581814234,15.59668646918402,21.1823206724944,24,12.369582112630214
2021-03-12,25.70196567111543,14.841522894965294,20.02611440022788,24,10.860442776150137
2021-03-13,26.29924587673611,14.300217013888869,19.811310308950922,24,11.99902886284724
2021-03-14,25.213125949435774,13.12280307345918,18.647701079757127,24,12.090322875976595
2021-03-15,23.944480726453943,12.188404337565087,18.127920659383147,24,11.756076388888856
2021-03-16,24.6934783935547,12.869294569227463,19.276048589635796,24,11.824183824327235
2021-03-17,23.249046495225684,15.354057820638047,18.65760156136973,24,7.894988674587637
2021-03-18,23.69639587402344,14.446578640408006,18.62903411300095,24,9.249817233615435
2021-03-19,24.061111789279497,14.277667575412352,19.10898495426886,24,9.783444213867146
2021-03-20,23.748383585611975,14.18458319769968,18.09404491848417,24,9.563800387912295
2021-03-21,22.56890597873263,12.487468126085105,17.397979001645698,24,10.081437852647525
2021-03-22,22.613618299696157,12.095145331488707,16.84921918798378,24,10.51847296820745
2021-03-23,21.01801893446185,14.59362216525608,17.193257946438276,24,6.424396769205769
2021-03-24,18.075826687282984,13.50226101345487,15.332783296373167,24,4.573565673828114
2021-03-25,19.020244344075536,13.20006408691404,15.32636655171713,24,5.820180257161496
2021-03-26,21.51252814398873,10.328587510850696,15.79875071490254,24,11.183940633138036
2021-03-27,22.712227037217872,9.177456665039074,16.553937445746538,24,13.534770372178798
2021-03-28,21.14524298773875,11.750941297743111,15.726264346087438,24,9.39430168999564
2021-03-29,20.513893296983497,12.110163709852486,15.870777681138799,24,8.40372958713101
2021-03-30,21.76684434678822,11.000658501519126,16.392539836742273,24,10.766185845269092
2021-03-31,22.554421318901916,10.98719007703994,16.890910523026093,24,11.567231241861975
2021-04-01,23.529562717013903,11.267425198025194,17.475027917932593,24,12.262137518988709
2021-04-02,23.979656304253467,14.03193664550787,18.597703213161907,24,9.947719658745598
2021-04-03,25.743259684244833,12.49376627604164,18.59914888452602,24,13.249493408203193
2021-04-04,22.766930813259535,10.590728081597264,16.67089948300963,24,12.17620273166227
2021-04-05,25.21895073784725,11.230973646375844,18.415199590612357,24,13.987977091471407
2021-04-06,23.1679667154948,10.938075425889792,16.718903068259927,24,12.229891289605007
2021-04-07,21.43626302083339,12.35724622938369,16.18326158876773,24,9.0790167914497
2021-04-08,23.19172600640195,11.492526245117176,17.201935252436897,24,11.699199761284774
2021-04-09,25.164329359266503,12.799567667643204,19.116593254937072,24,12.364761691623299
2021-04-10,26.45989312065973,13.534514702691013,19.58420990837946,24,12.925378417968716
2021-04-11,27.59290195041234,13.362777031792518,20.037119081285276,24,14.230124918619822
2021-04-12,27.118682183159702,11.13017781575519,18.839705728601533,24,15.988504367404513
2021-04-13,26.321510823567735,11.496453518337717,18.468874316745342,24,14.825057305230018
2021-04-14,26.780450439453148,13.495654975043408,19.916310727154784,24,13.28479546440974
2021-04-15,26.348388671875,13.805517917209215,20.04295200771757,24,12.542870754665785
2021-04-16,25.630864461263,11.66753980848523,18.320233719437223,24,13.963324652777768
2021-04-17,18.167266506618944,9.90613640679254,13.544110065036364,24,8.261130099826405
2021-04-18,21.59386291503904,9.260159640842003,14.93996196322972,24,12.333703274197036
2021-04-19,23.80168185763893,8.589120822482698,16.326309444286217,24,15.21256103515623
2021-04-20,21.51006130642361,9.809349568684922,15.480208022506167,24,11.700711737738686
2021-04-21,21.347566053602407,8.910184733072924,15.439165807653362,24,12.437381320529482
2021-04-22,21.56819491916235,10.205040486653672,15.932196751347307,24,11.36315443250868
2021-04-23,21.457716878255212,9.98926357693142,15.366010355066377,24,11.468453301323793
2021-04-24,22.42029927571616,9.175808715820324,15.570905657167794,24,13.244490559895837
2021-04-25,22.83912828233508,7.466017320421031,15.293506735342525,24,15.373110961914048
2021-04-26,23.721570163303,10.897032335069468,16.55736048663105,24,12.824537828233531
2021-04-27,24.878956434461827,8.668072170681398,16.798424332230194,24,16.21088426378043
2021-04-28,25.156329006618932,11.642181057400135,18.01584321481211,24,13.514147949218797
2021-04-29,23.38478054470488,11.345847574869822,17.25393794024433,24,12.03893296983506
2021-04-30,19.75401407877604,8.188807847764735,13.674189588758688,24,11.565206231011306
2021-05-01,16.17469482421876,6.866276719835071,11.11418411820024,24,9.30841810438369
2021-05-02,17.878615993923574,6.02904629177516,11.888599127310313,24,11.849569702148415
2021-05-03,18.940426296658018,5.407058376736131,12.194175663700827,24,13.533367919921886
2021-05-04,19.689314100477414,7.675878567165796,13.688082038031693,24,12.013435533311618
2021-05-05,20.05523579915365,8.809195285373221,14.320106025978385,24,11.246040513780429
2021-05-06,21.07997809516064,9.94167344835074,15.452607204295981,24,11.138304646809901
2021-05-07,18.678110758463504,9.26104261610243,14.025007021868676,24,9.417068142361074
2021-05-08,18.940421888563435,7.8182440863715215,12.716318851047099,24,11.122177802191914
2021-05-09,18.11964280870228,5.404151746961816,11.523504384358738,24,12.715491061740465
2021-05-10,21.055333116319503,4.674288940429733,12.693248649879758,24,16.38104417588977
2021-05-11,22.08548719618057,7.554661729600696,14.047268761528876,24,14.530825466579874
2021-05-12,22.722860039605052,7.533286878797753,14.64087395844637,24,15.1895731608073
2021-05-13,22.80366448296445,9.29778951009115,15.23657437077277,24,13.5058749728733
2021-05-14,22.21393568250869,9.045503743489576,15.1639723883735,24,13.168431939019115
2021-05-15,21.69441155327695,5.833348253038196,13.88593078895853,24,15.861063300238754
2021-05-16,22.570223320855064,9.246975708007824,14.981802481192142,24,13.32324761284724
2021-05-17,18.689034695095472,4.201047770182299,11.498997864899822,24,14.487986924913173
2021-05-18,19.97911885579424,2.6800055609808737,11.92636988604511,24,17.299113294813367
2021-05-19,21.1323201497396,6.433423190646749,13.185518801653837,24,14.698896959092849
2021-05-20,20.932418823242244,7.524391682942735,14.041613967330386,24,13.40802714029951
2021-05-21,18.51338873969183,6.965592787000901,12.521701982286261,24,11.54779595269093
2021-05-22,18.756247626410584,2.945584784613743,10.718278023048695,24,15.810662841796841
2021-05-23,17.354887220594662,6.446496582031273,11.081377622816305,24,10.90839063856339
2021-05-24,18.754534573025182,6.266646660698768,11.775257972434725,24,12.487887912326414
2021-05-25,19.17169257269967,5.26257697211372,11.919203666404448,24,13.909115600585949
2021-05-26,19.688741387261302,4.6281667073567405,11.916361406114381,24,15.060574679904562
2021-05-27,21.10699869791665,7.525123426649316,13.511684078640414,24,13.581875271267336
2021-05-28,20.943169148763047,6.362276204427076,13.483472809968179,24,14.580892944335972
2021-05-29,19.572925143771727,4.175828043619788,11.422681313973898,24,15.397097100151939
2021-05-30,18.219090440538196,2.3597849527994867,10.329135852389882,24,15.859305487738709
2021-05-31,15.82368231879343,4.566161431206581,10.400656226829263,24,11.25752088758685
2021-06-01,13.66771240234374,3.202250840928798,8.559693852177382,24,10.465461561414942
2021-06-02,13.067824978298631,1.3867072211371578,7.103963399816462,24,11.681117757161473
2021-06-03,15.14782138400608,1.7357991536458712,8.117155498928513,24,13.41202223036021
2021-06-04,12.65857510036892,1.0064039442274293,6.668817025643818,24,11.65217115614149
2021-06-05,13.81799282497832,-1.905661688910584,6.165550952487536,24,15.723654513888905
2021-06-06,13.480874294704904,1.025540500217005,7.392261858339673,24,12.455333794487899
2021-06-07,12.836197916666665,3.8168043348524634,7.898601291797796,24,9.019393581814201
2021-06-08,13.247039794921877,2.1210445827907733,8.185889660870595,24,11.125995212131103
2021-06-09,13.63007134331599,4.851380411783907,8.118566103334787,24,8.778690931532083
2021-06-10,15.7055789523655,3.856532457139792,9.756209394666897,24,11.849046495225707
2021-06-11,17.285079277886325,6.801554361979129,11.27995666221337,24,10.483524915907196
2021-06-12,19.71571553548182,4.678915405273472,11.531029482241047,24,15.036800130208348
2021-06-13,19.883770751953136,3.921451822916651,11.385510903817648,24,15.962318929036485
2021-06-14,19.689477878146704,7.306089952256968,12.702379678796852,24,12.383387925889735
2021-06-15,19.148981391059067,3.2633487277560675,11.885420806319635,24,15.885632663303
2021-06-16,18.26227789984813,4.089822387695335,10.97438779760291,24,14.172455512152794
2021-06-17,20.09037000868057,4.947887844509523,12.585613632202156,24,15.142482164171046
2021-06-18,19.460051472981775,6.0626512315538434,12.196255860505296,24,13.397400241427931
2021-06-19,15.858946397569468,7.077945285373289,11.017629934240281,24,8.78100111219618
2021-06-20,17.262912326388857,7.408887057834192,11.308434691252536,24,9.854025268554665
2021-06-21,16.860922580295153,2.848032294379379,9.636843363444028,24,14.012890285915773
2021-06-22,16.479597981770837,2.604183959960949,9.362447215892663,24,13.875414021809888
2021-06-23,16.670910305447023,2.7252400716145644,9.590298306500474,24,13.945670233832459
2021-06-24,18.107335747612865,3.1409759521484375,10.502027949580452,24,14.966359795464427
2021-06-25,19.73711581759983,3.626129150390682,11.663199445936433,24,16.110986667209147
2021-06-26,18.15801154242621,5.51897820366753,10.907293743557412,24,12.63903333875868
2021-06-27,19.889082505967902,3.73712700737849,11.029328565244333,24,16.151955498589412
2021-06-28,20.1250040690104,5.005747816297742,12.681971995035816,24,15.11925625271266
2021-06-29,22.529026624891515,8.020042588975684,14.952100796169715,24,14.50898403591583
2021-06-30,22.05225287543408,10.076360744900173,15.341757696646246,24,11.975892130533905
2021-07-01,17.755159844292564,3.989993286132801,10.90304753338851,24,13.765166558159763
2021-07-02,20.691505601671057,3.6234866672092494,11.29053430910465,24,17.068018934461808
2021-07-03,21.53382636176218,4.968986002604197,12.322257882577413,24,16.564840359157984
2021-07-04,22.293926323784717,4.683189561631934,12.769955345436387,24,17.610736762152783
2021-07-05,19.313301255967872,3.990829806857675,11.258267254299591,24,15.322471449110196
2021-07-06,14.545146687825536,5.11877712673612,9.675288645426441,24,9.426369561089416
2021-07-07,17.128263685438355,3.0875074598524748,9.863098907470714,24,14.04075622558588
2021-07-08,16.802084011501734,4.159006754557311,10.32084907249169,24,12.643077256944423
2021-07-09,18.79748162163628,4.523916625976597,11.287407316984968,24,14.273564995659683
2021-07-10,19.10266825358076,3.328741115993921,11.459706200493715,24,15.773927137586838
2021-07-11,19.910954115125833,5.594996134440123,12.202191953305862,24,14.31595798068571
2021-07-12,17.721336873372422,3.616504923502589,11.063403927838378,24,14.104831949869833
2021-07-13,10.666060723198768,-0.0506781684027828,6.039639211584034,24,10.716738891601551
2021-07-14,12.851776462131056,-3.2854488796658075,4.5923186690719175,24,16.137225341796864
2021-07-15,12.431829494900173,2.247259182400228,6.849150876645699,24,10.184570312499945
2021-07-16,13.535494316948814,0.3605261908637089,7.656110848320874,24,13.174968126085105
2021-07-17,15.02319810655382,2.0431254069010834,8.196862100671853,24,12.980072699652737
2021-07-18,16.330707465277783,0.000475056966195,7.199587970309795,24,16.330232408311588
2021-07-19,15.64441257052954,0.4714677598741446,7.3445607927110546,24,15.172944810655395
2021-07-20,15.278687879774282,1.949294026692712,8.089902821293594,24,13.32939385308157
2021-07-21,16.45423041449652,1.6098208957247948,7.989291099265775,24,14.844409518771727
2021-07-22,9.714579603407117,-1.7987993028428946,3.258818675853606,24,11.513378906250011
2021-07-23,13.166730414496556,-3.228563096788207,4.256241861979173,24,16.395293511284763
2021-07-24,12.814177449544276,-1.3647226969400776,4.917427345558463,24,14.178900146484354
2021-07-25,13.378812323676245,-3.140344577365454,5.229350549203384,24,16.519156901041697
2021-07-26,14.60357733832467,-0.6149729410806799,6.770274381284378,24,15.218550279405349
2021-07-27,15.485081990559877,-0.2286614312066035,7.173322606969772,24,15.71374342176648
2021-07-28,16.42180447048611,1.6081153021918908,8.601415280942575,24,14.813689168294218
2021-07-29,18.13421427408855,1.5514872233073334,9.706491385565881,24,16.582727050781216
2021-07-30,19.279776000976597,1.833119032118077,10.152932583844233,24,17.44665696885852
2021-07-31,19.75733473036024,2.8007798936632184,11.392642805311434,24,16.95655483669702
2021-08-01,20.64447055392793,3.607733154296909,11.943624058476212,24,17.036737399631022
2021-08-02,22.2833231608073,2.589905124240488,11.967000636348034,24,19.69341803656681
2021-08-03,18.391327921549475,5.134820556640648,11.141153222543238,24,13.256507364908828
2021-08-04,19.787108357747456,3.9510396321614394,11.85913533811218,24,15.836068725586017
2021-08-05,21.23034430609812,4.874312676323768,12.95762786865235,24,16.356031629774353
2021-08-06,22.95576544867623,6.9963334825303605,14.082584903858326,24,15.959431966145871
2021-08-07,22.019857109917552,4.133210584852463,13.338130089088736,24,17.88664652506509
2021-08-08,22.618504503038196,3.678204006618955,13.72252427560313,24,18.94030049641924
2021-08-09,23.897915988498255,8.417436387803832,15.361912225793922,24,15.480479600694423
2021-08-10,18.954243638780383,5.127384440104208,11.443446886980993,24,13.826859198676175
2021-08-11,18.84565802680123,5.289162868923654,11.830819970590115,24,13.556495157877578
2021-08-12,22.44335869683164,7.943969048394138,14.6113021568016,24,14.499389648437504
2021-08-13,17.624653795030383,4.715773518880212,8.968572503549098,24,12.908880276150171
2021-08-14,15.239977010091138,5.005740695529539,10.016461633752897,24,10.234236314561599
2021-08-15,14.989116753472215,6.809171888563412,9.84483314796732,24,8.179944864908803
2021-08-16,19.037874688042564,4.156377156575502,12.0165346922698,24,14.881497531467062
2021-08-17,20.650706312391492,6.506209309895837,13.28537979125978,24,14.144497002495655
2021-08-18,22.162218221028695,8.677795749240431,14.990809815018276,24,13.484422471788264
2021-08-19,20.99102511935763,3.673394097222229,12.246241675482858,24,17.3176310221354
2021-08-20,23.43250122070316,2.007768079969651,13.3510959060104,24,21.424733140733508
2021-08-21,21.55102267795138,7.9491258409288434,14.609969386348029,24,13.601896837022537
2021-08-22,24.363427056206604,8.08980475531689,16.266025924682626,24,16.273622300889713
2021-08-23,22.441931830512203,9.116846720377566,15.660223077844707,24,13.325085110134637
2021-08-24,24.89141404893661,9.713712565104174,16.4745404985216,24,15.177701483832436
2021-08-25,25.032439846462697,6.80970052083336,16.702228828712762,24,18.222739325629338
2021-08-26,22.953950670030395,11.617717149522605,17.30825718067312,24,11.33623352050779
2021-08-27,25.20760633680555,12.51642320421007,18.72129252398457,24,12.69118313259548
2021-08-28,13.291784328884546,2.0250732421874886,8.3380409805863,24,11.266711086697057
2021-08-29,17.023405965169275,-0.4621558295355612,8.422345747771097,24,17.485561794704836
2021-08-30,20.29731207953563,4.680882771809877,11.989838578965946,24,15.616429307725753
2021-08-31,23.503987291124133,5.100555419921932,14.219713451244225,24,18.4034318712022
2021-09-01,25.381011623806444,6.153696695963561,16.083370251125768,24,19.227314927842883
2021-09-02,23.797817654079893,8.449122789170985,16.000467116744442,24,15.348694864908907
2021-09-03,26.70086568196615,9.688272094726583,18.534016686898703,24,17.012593587239564
2021-09-04,26.213590155707493,10.526478407118075,18.610648148148158,24,15.687111748589418
2021-09-05,26.220140923394126,12.476380072699612,18.53694706669561,24,13.743760850694514
2021-09-06,25.80286729600698,13.146035427517347,18.907267068933574,24,12.656831868489633
2021-09-07,24.137129380967902,9.196208699544286,15.844777665314865,24,14.940920681423616
2021-09-08,17.560096232096328,8.829576958550376,12.925345484415702,24,8.730519273545951
2021-09-09,22.56580878363718,7.27209845648872,15.279958781489638,24,15.29371032714846
2021-09-10,22.60604926215279,10.769727918836791,15.783815850151916,24,11.836321343316
2021-09-11,25.039479912651927,6.521511162651905,15.771823459201393,24,18.517968750000023
2021-09-12,25.652740139431444,6.952734714084215,16.067808462072318,24,18.70000542534723
2021-09-13,26.121867879231782,8.030244615342895,17.334552694250053,24,18.091623263888888
2021-09-14,26.652202351888036,8.412370808919263,18.60571734110515,24,18.239831542968773
2021-09-15,28.908661566840298,13.435619439019092,21.034346615826653,24,15.473042127821206
2021-09-16,27.042398071289085,10.174240451388926,18.233571102001065,24,16.86815761990016
2021-09-17,22.472501627604174,7.273434109157961,14.370809074684438,24,15.199067518446213
2021-09-18,20.94270663791235,9.030365329318556,14.09610118159542,24,11.912341308593795
2021-09-19,23.193769666883668,7.329593234592039,15.674265529491299,24,15.864176432291629
2021-09-20,26.56463996039497,12.223659939236086,18.95280647277833,24,14.340980021158884
2021-09-21,25.157763332790807,7.341846720377589,16.40903316073948,24,17.81591661241322
2021-09-22,22.092490980360253,8.892933824327258,15.224799290409806,24,13.199557156032995
2021-09-23,22.88513624403214,7.831314765082482,15.934774978072562,24,15.053821478949658
2021-09-24,28.63866339789496,9.351450263129324,20.121684180365676,24,19.287213134765636
2021-09-25,29.735143364800365,11.044791666666695,21.52945190712259,24,18.690351698133668
2021-09-26,31.25050320095488,12.478704833984407,22.573777926409694,24,18.771798366970472
2021-09-27,27.784132215711793,14.354536946614587,20.8541699162236,24,13.429595269097206
2021-09-28,29.55793965657557,14.260919528537327,21.916513075651952,24,15.297020128038243
2021-09-29,29.175492350260413,14.762306722005237,21.077764751293042,24,14.413185628255176
2021-09-30,24.02745869954424,12.960418701171877,17.90716918662744,24,11.067039998372364
2021-10-01,19.016330634223095,12.231291707356776,15.166699868661398,24,6.785038926866319
2021-10-02,19.498260158962697,9.45265842013896,14.377183857670547,24,10.045601738823738
2021-10-03,22.313662719726608,6.776486545138937,14.510841426142955,24,15.537176174587671
2021-10-04,20.97515970865885,6.692111884223095,14.540721116242594,24,14.283047824435755
2021-10-05,22.857691786024304,10.869439019097229,16.33812132941353,24,11.988252766927076
2021-10-06,25.25115288628473,9.10021260579424,17.335028895625367,24,16.150940280490488
2021-10-07,25.291544257269948,11.960449557834238,17.735518731011297,24,13.33109469943571
2021-10-08,20.97496270073782,12.763700697157162,16.211748688309296,24,8.211262003580657
2021-10-09,25.30993889702694,10.257543267144117,17.67405543857152,24,15.052395629882822
2021-10-10,22.04481268988718,9.190388658311631,15.124676994041176,24,12.85442403157555
2021-10-11,21.60712246365017,5.788115437825525,14.02260294313785,24,15.819007025824646
2021-10-12,25.246110026041663,8.111745876736109,17.093675599274828,24,17.134364149305554
2021-10-13,27.504172770182265,10.172355821397616,19.64180614330151,24,17.33181694878465
2021-10-14,29.107016330295153,12.28063286675348,21.28214214466237,24,16.826383463541674
2021-10-15,29.903001912434945,13.474390665690123,22.413572593971548,24,16.428611246744822
2021-10-16,29.4566443549262,13.547895304361989,21.524177424112963,24,15.908749050564213
2021-10-17,23.83432074652779,10.163932291666695,16.510487083152498,24,13.670388454861095
2021-10-18,22.396781751844628,9.241280788845527,15.18161591423884,24,13.1555009629991
2021-10-19,18.65271979437938,9.705258178711006,13.717104085286481,24,8.947461615668374
2021-10-20,21.650850423177076,9.39374152289497,15.434692834924784,24,12.257108900282105
2021-10-21,24.434374321831623,8.394866943359375,17.739635241473177,24,16.039507378472248
2021-10-22,23.298195393880235,12.658471340603285,17.597083621554923,24,10.63972405327695
2021-10-23,28.62500474717882,11.523239135742188,20.31840992680304,24,17.101765611436633
2021-10-24,28.241010538736987,9.65320807562938,18.412560498272942,24,18.587802463107607
2021-10-25,20.66351996527777,10.324770439995632,15.757808332090042,24,10.33874952528214
2021-10-26,20.656212361653672,11.61333787706161,16.36481355737758,24,9.042874484592062
2021-10-27,22.263225301106782,13.463858710395016,17.496843126085086,24,8.799366590711767
2021-10-28,18.05063578287763,12.241847059461804,14.846908145480702,24,5.808788723415827
2021-10-29,22.400796169704847,11.76788058810763,16.867471016777895,24,10.632915581597217
2021-10-30,24.56725565592444,11.211939832899304,17.442193193788885,24,13.355315823025137
2021-10-31,25.129052395290785,9.297939385308156,17.52167417738174,24,15.831113009982628
2021-11-01,28.083160400390625,9.768570963541665,20.495670007776347,24,18.314589436848962
2021-11-02,28.125394354926243,12.44464213053385,19.89858036747686,24,15.680752224392393
2021-11-03,29.674050564236097,11.027152506510449,20.56120157595036,24,18.64689805772565
2021-11-04,28.954739379882824,11.72834065755211,19.384036367910888,24,17.226398722330714
2021-11-05,29.185703531901027,15.251817491319455,20.992811231259953,24,13.933886040581571
2021-11-06,29.76000840928822,15.33889194064676,21.666895520245603,24,14.421116468641458
2021-11-07,29.173912556966116,16.144982910156273,21.947012103045438,24,13.028929646809843
2021-11-08,21.460194227430577,14.037779405382024,17.50065516719112,24,7.4224148220485535
2021-11-09,22.852145385742176,10.916654120551245,16.67115691856104,24,11.935491265190931
2021-11-10,23.415994601779516,12.07110222710503,17.945573948047784,24,11.344892374674487
2021-11-11,26.94183383517793,12.193673706054652,20.61811725475171,24,14.74816012912328
2021-11-12,28.990441894531273,15.327782864040842,21.280787277221698,24,13.662659030490431
2021-11-13,30.20585021972653,11.208503214518204,21.594725347448286,24,18.997347005208326
2021-11-14,30.096142239040773,13.460403103298631,22.280307896931973,24,16.635739135742142
2021-11-15,29.122282579210093,15.178503078884546,22.18620598404497,24,13.943779500325547
2021-11-16,31.000580851236975,16.051502821180577,24.11392808137118,24,14.949078030056398
2021-11-17,31.4337158203125,18.353803507487044,24.472447388260463,24,13.079912312825456
2021-11-18,29.69860704210072,14.50482245551217,21.722691726684577,24,15.19378458658855
2021-11-19,27.365987481011302,13.409121025933189,20.07933680216473,24,13.956866455078114
2021-11-20,24.589922756618932,12.525190226236989,17.46497838055647,24,12.064732530381944
2021-11-21,20.13631557888459,13.73358052571615,16.21596055207431,24,6.402735053168442
2021-11-22,23.547497897677943,13.888945176866343,18.110138688264076,24,9.658552720811599
2021-11-23,25.05023837619359,13.368923611111144,18.813906168054668,24,11.681314765082446
2021-11-24,25.01814066569017,10.514369032118054,18.584664803964127,24,14.503771633572114
2021-11-25,20.605378553602463,11.48341030544708,14.896481987282094,24,9.121968248155383
2021-11-26,19.14566616482205,10.247085232204824,14.794810372811783,24,8.898580932617225
2021-11-27,18.2519405788845,11.773365275065087,14.482916641235361,24,6.478575303819413
2021-11-28,23.45844387478303,11.650008477105075,17.677201461792,24,11.808435397677954
2021-11-29,26.48542141384553,13.607387627495712,19.962500211927644,24,12.878033786349818
2021-11-30,27.105443657769115,14.880158487955724,20.595390079639582,24,12.225285169813391
2021-12-01,27.460589599609364,16.047505357530383,21.00505460103354,24,11.41308424207898
2021-12-02,24.40046657986113,16.200300428602475,19.521855643943525,24,8.200166151258657
2021-12-03,27.735482788085903,14.717482164171033,21.242143065841113,24,13.01800062391487
2021-12-04,26.13259073893232,15.104979112413218,20.31054520783601,24,11.0276116265191
2021-12-05,20.742715115017347,14.07141960991754,16.616496630068195,24,6.671295505099808
2021-12-06,22.777688259548597,14.855882432725709,17.951855087280286,24,7.921805826822888
2021-12-07,26.19270833333337,14.10841471354172,19.231186054371026,24,12.084293619791652
2021-12-08,23.795578002929688,15.857190280490444,18.682021642614306,24,7.938387722439243
2021-12-09,24.380376180013,16.09136962890625,19.69741720976653,24,8.289006551106748
2021-12-10,24.87357754177515,14.336620076497413,19.414026910287372,24,10.536957465277736
2021-12-11,26.41030510796446,15.338585069444434,20.333671386153622,24,11.071720038520027
2021-12-12,22.299587673611143,16.02447306315105,18.96252301534018,24,6.2751146104600934
2021-12-13,18.984297688802087,13.95814208984376,16.6574418950964,24,5.0261555989583275
2021-12-14,25.994608900282117,13.365684678819434,19.655282479745377,24,12.628924221462682
2021-12-15,24.798258802625867,14.274207560221328,19.739947382609056,24,10.52405124240454
2021-12-16,22.87614576551653,14.643934122721362,18.362684928046345,24,8.232211642795168
2021-12-17,19.396953328450536,11.464075046115454,15.079573059082037,24,7.932878282335082
2021-12-18,16.89142591688369,10.35936821831598,13.793412865532792,24,6.53205769856771
2021-12-19,17.430521986219617,11.55834147135414,14.2575518572772,24,5.872180514865477
2021-12-20,21.262365722656284,10.105194769965294,16.054419566966885,24,11.15717095269099
2021-12-21,22.638518269856775,13.084518771701426,17.569513108995228,24,9.553999498155349
2021-12-22,23.095264010959227,13.702504814995676,18.398293346828897,24,9.392759195963551
2021-12-23,22.559179348415796,14.620329793294276,17.771206241183823,24,7.93884955512152
2021-12-24,25.15965304904512,11.637859768337703,19.654511600070542,24,13.521793280707415
2021-12-25,24.314046563042552,12.628198242187525,18.712225596110034,24,11.685848320855028
2021-12-26,22.483872816297776,14.757594807942723,18.370873444168666,24,7.726278008355052
2021-12-27,17.978792656792507,13.753102959526927,15.917313512166357,24,4.2256896972655795
2021-12-28,24.376787312825513,12.561937459309943,18.521550058435515,24,11.81484985351557
2021-12-29,25.1369639078776,14.592259385850753,19.98889146027742,24,10.544704522026848
2021-12-30,25.939357842339405,14.978116861979174,19.83646587795682,24,10.96124098036023
2021-12-31,26.283126831054688,15.006843736436622,20.475611693770798,24,11.276283094618066
2022-01-01,25.18402947319879,15.522218153211782,19.593922975328244,24,9.66181131998701
2022-01-02,26.323285251193568,14.114801364474827,19.988342044971624,24,12.20848388671874
2022-01-03,25.37957153320309,15.760162353515623,20.202945384272827,24,9.619409179687468
2022-01-04,24.14526231553822,15.100631374783006,19.66382953502515,24,9.044630940755212
2022-01-05,26.038557603624156,15.159333970811645,20.389039187961156,24,10.879223632812511
2022-01-06,24.630005221896734,15.398475138346328,19.353185074417684,24,9.231530083550407
2022-01-07,23.322952609591994,15.314258829752646,18.87309742680303,24,8.008693779839348
2022-01-08,22.39453091091582,15.074980333116343,18.288196535463698,24,7.319550577799475
2022-01-09,22.523914930555577,13.54883049858944,18.410013453165707,24,8.975084431966136
2022-01-10,23.694421386718773,13.62811754014757,19.114815337569635,24,10.066303846571202
2022-01-11,24.18350151909721,14.05018920898442,19.547971202709075,24,10.133312310112789
2022-01-12,23.71611904568141,15.175565931532104,18.905542557327852,24,8.540553114149306
2022-01-13,24.172662353515648,15.52367316351996,19.41387360184282,24,8.648989189995687
2022-01-14,24.102820841471328,16.11370917426217,19.611465680157707,24,7.989111667209158
2022-01-15,22.91821729871964,16.186694675021727,19.03381346243401,24,6.731522623697913
2022-01-16,21.788408406575513,15.349064805772628,18.254300816853846,24,6.439343600802886
2022-01-17,22.647498236762143,15.822356838650194,18.425132864492927,24,6.825141398111949
2022-01-18,22.643721516927087,15.634956529405372,18.755945078531912,24,7.008764987521715
2022-01-19,24.433391994900205,15.909891425238754,19.256649667245384,24,8.52350056966145
2022-01-20,24.013116455078148,15.419032457139735,19.153063088876248,24,8.594083997938412
2022-01-21,25.50415818956168,12.01978013780382,19.032770114474843,24,13.484378051757858
2022-01-22,21.37445509168839,11.279531182183176,16.270974618417252,24,10.094923909505214
2022-01-23,22.06695590549043,11.414462280273426,16.249498353181078,24,10.652493625217005
2022-01-24,24.403239610460105,10.30475396050349,18.240094446252908,24,14.098485649956615
2022-01-25,26.63335232204861,12.906683349609407,20.613116780033824,24,13.726668972439201
2022-01-26,25.01061774359806,13.346967909071225,19.96252247845686,24,11.663649834526836
2022-01-27,23.084278700086827,15.0156270345052,19.510535007052958,24,8.068651665581626
2022-01-28,24.54095119900171,16.786179267035607,19.90892383434156,24,7.754771931966104
2022-01-29,21.20365668402781,15.50251498752175,18.26096144782174,24,5.70114169650606
2022-01-30,20.386498345269104,14.874982028537374,17.103101193463367,24,5.511516316731729
2022-01-31,23.410836452907972,14.84100613064237,18.601503428706426,24,8.569830322265602
2022-02-01,24.36140306260847,13.123204549153629,18.92241035743996,24,11.238198513454842
2022-02-02,26.32731119791669,13.437318250868088,20.264372083875884,24,12.8899929470486
2022-02-03,27.74437628851996,15.478857082790851,21.98292366310403,24,12.265519205729108
2022-02-04,24.629181925455725,16.55100945366752,19.273211924235035,24,8.078172471788207
2022-02-05,21.81171671549481,14.818073527018214,17.228397637826433,24,6.993643188476597
2022-02-06,22.29811909993492,14.036372884114542,17.88463719685873,24,8.261746215820377
2022-02-07,23.892272610134512,11.938939073350696,18.246192197446486,24,11.953333536783816
2022-02-08,24.192311604817743,12.5393046061198,18.714669022736736,24,11.653006998697943
2022-02-09,25.901404147677965,14.201158311631955,20.389719348483627,24,11.70024583604601
2022-02-10,25.655225965711793,13.868380737304731,19.93835813734268,24,11.786845228407062
2022-02-11,25.479459296332436,15.159006076388891,20.26005482143826,24,10.320453219943545
2022-02-12,25.90790134006079,12.525389268663218,19.83389715971772,24,13.38251207139757
2022-02-13,26.474340481228296,13.645888604058143,20.798719858240208,24,12.828451877170153
2022-02-14,26.112080552842883,14.82532484266494,21.041136324847198,24,11.286755710177943
2022-02-15,25.278485107421886,13.963935004340271,19.910421555130576,24,11.314550103081615
2022-02-16,26.382255384657128,15.208217027452292,20.671130540635865,24,11.174038357204836
2022-02-17,25.45478651258685,15.112505425347251,19.673891901086893,24,10.342281087239598
2022-02-18,23.12323404947915,15.787610541449624,18.883807358918375,24,7.335623508029528
2022-02-19,23.678081936306455,15.23560214572484,18.76440809744377,24,8.442479790581615
2022-02-20,25.72168986002606,15.244703165690112,20.473390339039003,24,10.476986694335949
2022-02-21,26.864154730902783,16.436253865559934,21.312490251329223,24,10.427900865342849
2022-02-22,26.245281304253467,14.131387668185766,20.42256725452566,24,12.1138936360677
2022-02-23,24.248221842447947,14.758151584201356,19.111594362612138,24,9.490070258246591
2022-02-24,25.34477267795137,13.524459160698768,19.82605596471716,24,11.8203135172526
2022-02-25,26.092093573676262,14.906909857855908,19.73762897915311,24,11.185183715820354
2022-02-26,23.863136800130235,14.237047322591197,18.807431510642736,24,9.626089477539038
2022-02-27,24.56226603190106,15.143173895941857,19.066439875849984,24,9.419092135959204
2022-02-28,25.273910183376756,14.6247704399957,19.049232949150937,24,10.649139743381056
2022-03-01,24.38245307074652,13.698803032769147,18.699430239642115,24,10.683650037977374
2022-03-02,24.94763793945316,14.263520304361975,19.139070270679632,24,10.684117635091184
2022-03-03,25.304307725694457,13.851794772677977,19.86072882193108,24,11.45251295301648
2022-03-04,24.220461697048677,16.96478542751737,19.723863093058284,24,7.255676269531307
2022-03-05,22.44603441026476,15.39825981987849,18.83903377674245,24,7.047774590386272
2022-03-06,22.747475857204904,14.242974853515648,18.168066081294324,24,8.504501003689256
2022-03-07,23.381018066406284,14.136337280273438,18.89174883807148,24,9.244680786132847
2022-03-08,23.63526780870228,13.22766994900178,18.259930801391615,24,10.4075978597005
2022-03-09,18.888218858506946,15.33875291612418,16.835961490207268,24,3.5494659423827652
2022-03-10,23.58563096788197,14.769218275282128,19.009850509078422,24,8.81641269259984
2022-03-11,23.032792833116332,15.638037109374975,18.985381147596588,24,7.394755723741357
2022-03-12,23.75553487141929,14.558070882161472,18.685904057820647,24,9.197463989257818
2022-03-13,23.145347086588572,14.456450737847264,18.7436063554552,24,8.688896348741308
2022-03-14,24.316268242730075,14.545753648546054,18.936617476851865,24,9.770514594184021
2022-03-15,21.14288194444447,13.297532484266526,17.154089694552965,24,7.8453494601779425
2022-03-16,18.347571818033884,10.98101535373263,15.077292180944376,24,7.366556464301254
2022-03-17,18.72136264377167,13.487595621744788,15.579303148057738,24,5.233767022026882
2022-03-18,20.68785502115884,12.143053860134556,15.767220984564899,24,8.544801161024283
2022-03-19,22.60764804416232,9.542953491210938,16.29037366796425,24,13.064694552951384
2022-03-20,22.93912217881945,10.348557535807288,17.213532299465616,24,12.590564643012161
2022-03-21,18.78350796169707,10.759043714735242,14.678871126528152,24,8.024464246961827
2022-03-22,21.15167100694447,8.829596625434021,15.735194368715655,24,12.322074381510447
2022-03-23,20.91296691894536,13.064369032118066,17.301421469229258,24,7.848597886827296
2022-03-24,22.42883470323352,13.810744900173631,17.853337111296486,24,8.618089803059888
2022-03-25,22.636279635959227,14.080917358398438,17.979860743769898,24,8.55536227756079
2022-03-26,21.30633511013457,13.274027506510436,16.974495188395192,24,8.032307603624133
2022-03-27,23.80491943359374,11.520546468098985,17.623718388875332,24,12.284372965494754
2022-03-28,22.402245415581604,10.559412638346371,16.91757062276206,24,11.842832777235232
2022-03-29,22.709658813476608,11.779372829861131,16.60872436806009,24,10.930285983615477
2022-03-30,22.83391859266493,11.765220811631991,17.164287383468082,24,11.068697781032938
2022-03-31,23.60773247612849,12.20130513509116,17.656394718311457,24,11.40642734103733
2022-04-01,22.79053683810764,10.43701985677086,17.16246852168332,24,12.353516981336782
2022-04-02,21.553400336371567,13.016253323025182,17.25645104867442,24,8.537147013346384
2022-04-03,16.781522623697924,14.213361273871556,15.49175591645419,24,2.5681613498263687
2022-04-04,16.416851806640636,12.158679877387158,14.562917864764197,24,4.2581719292534785
2022-04-05,21.505158827039907,12.503983222113789,16.28172515586572,24,9.001175604926118
2022-04-06,23.006031968858565,9.54432135687938,16.749119793927246,24,13.461710611979186
2022-04-07,20.43793843587241,7.503572252061645,13.684299073395907,24,12.934366183810766
2022-04-08,19.450703260633645,8.416350640190956,13.539405964038984,24,11.03435262044269
2022-04-09,13.753701782226528,10.561469184027771,11.89654589052555,24,3.192232598198757
2022-04-10,13.111491563585105,10.550824652777806,11.624337358827956,24,2.5606669108072992
2022-04-11,17.41973537868921,11.51947021484375,13.711005175555213,24,5.900265163845461
2022-04-12,19.7577070448134,10.50850592719189,14.772523837619374,24,9.24920111762151
2022-04-13,20.066679890950468,9.13013237847224,14.670754920111774,24,10.936547512478228
2022-04-14,21.47698160807289,10.5679911295573,15.618991639879022,24,10.908990478515591
2022-04-15,22.62898322211373,10.607701280381946,16.815661451551666,24,12.021281941731786
2022-04-16,16.524189588758702,10.330350748697924,12.625652016533762,24,6.193838840060778
2022-04-17,13.284942966037365,9.748759629991298,11.611436702587005,24,3.536183336046067
2022-04-18,16.6784627278646,8.681310017903684,12.651839447021494,24,7.997152709960915
2022-04-19,17.07476399739585,7.496486409505224,11.885954115125886,24,9.578277587890625
2022-04-20,18.59192708333336,6.848978000217016,12.250219288578755,24,11.742949083116343
2022-04-21,19.9969285753038,7.621480305989621,14.178274140534585,24,12.37544826931418
2022-04-22,20.563887532552087,10.831327989366343,15.2989117940267,24,9.732559543185744
2022-04-23,19.959394327799487,9.938528442382848,14.836327687016256,24,10.020865885416638
2022-04-24,19.646575249565956,9.935722181532128,14.740107543380182,24,9.710853068033828
2022-04-25,19.63787807888457,9.415620252821212,14.127378082275401,24,10.222257826063357
2022-04-26,18.349883355034763,4.014812554253467,10.805211046006965,24,14.335070800781295
2022-04-27,16.991692097981797,1.9215148925781025,10.137707010904956,24,15.070177205403695
2022-04-28,17.867630004882812,5.966435411241321,11.357018237643791,24,11.901194593641492
2022-04-29,19.226126437717028,6.895707872178832,13.031041802300352,24,12.330418565538196
2022-04-30,19.506272379557288,6.56731262207029,12.951198931093586,24,12.938959757486998
2022-05-01,18.856598239474863,5.1347703721788776,11.942811980070912,24,13.721827867295985
2022-05-02,19.29804348415803,6.931368679470495,13.306101269192181,24,12.366674804687534
2022-05-03,19.89384528266055,8.530950927734409,13.920556329797824,24,11.36289435492614
2022-05-04,19.970803493923597,6.871436564127578,13.686030649255828,24,13.09936692979602
2022-05-05,19.9532491048177,5.519529215494799,13.096823614614998,24,14.433719889322902
2022-05-06,19.92687513563368,7.264870198567678,13.451146132857723,24,12.662004937066001
2022-05-07,19.29192640516493,9.362761433919276,13.71270508942783,24,9.929164971245653
2022-05-08,14.98719177246096,6.19946662055122,10.922591287118427,24,8.78772515190974
2022-05-09,17.098852878146715,3.784340752495666,10.332061428493935,24,13.31451212565105
2022-05-10,18.669100952148483,6.039564005533862,11.784111065334754,24,12.629536946614621
2022-05-11,20.40912814670139,6.970788574218773,13.773519360577632,24,13.438339572482619
2022-05-12,20.89921230740015,6.94129503038198,14.235818919429084,24,13.957917277018169
2022-05-13,20.083775838216127,8.255904812283006,14.280618498060441,24,11.82787102593312
2022-05-14,20.299402872721316,10.399735853407153,15.099188303064428,24,9.899667019314164
2022-05-15,19.558251953125023,8.896565755208371,13.641230703283256,24,10.661686197916652
2022-05-16,16.934366522894948,7.319285753038173,11.522668979786067,24,9.615080769856775
2022-05-17,16.631936306423654,7.516820271809934,11.33323324697991,24,9.11511603461372
2022-05-18,16.10668131510414,5.606903754340294,10.843445516515667,24,10.499777560763846
2022-05-19,16.612152099609375,6.320536634657117,11.215841830218293,24,10.291615464952258
2022-05-20,16.911715698242176,6.750600179036439,11.525380325317387,24,10.161115519205737
2022-05-21,9.950265842013891,6.2264366997613365,8.473247061835407,24,3.723829142252555
2022-05-22,13.117470635308166,4.874033949110242,8.806815083821634,24,8.243436686197924
2022-05-23,16.264395480685778,3.019356621636291,9.543082809448258,24,13.245038859049487
2022-05-24,18.611421712239576,3.923047892252612,10.724238233213084,24,14.688373819986964
2022-05-25,20.11471896701391,5.550320434570324,11.871528173376033,24,14.564398532443587
2022-05-26,19.960969712999145,6.82837829589846,12.85656705785682,24,13.132591417100684
2022-05-27,19.244405110677064,7.292070855034751,12.786939380787045,24,11.952334255642313
2022-05-28,17.874083794487888,6.482913547092039,11.426552949128338,24,11.391170247395848
2022-05-29,18.24255235460072,6.41327548556859,11.926827988801191,24,11.829276869032128
2022-05-30,15.53204786512589,2.535919528537363,8.257460502341948,24,12.996128336588527
2022-05-31,12.37079603407119,1.06140407986112,6.411755907977081,24,11.30939195421007
2022-06-01,14.441863674587694,-0.5157718234592039,7.485326442012095,24,14.957635498046898
2022-06-02,16.21003078884553,4.396318901909751,9.749299070570224,24,11.813711886935778
2022-06-03,16.105402628580748,3.493588256835949,9.043574848881486,24,12.6118143717448
2022-06-04,16.32598029242621,3.4015770806207115,9.185446110478166,24,12.924403211805497
2022-06-05,17.08337436252168,1.3781843397352986,8.955490620930997,24,15.705190022786383
2022-06-06,15.823642645941844,4.446752929687534,9.983631091647695,24,11.37688971625431
2022-06-07,17.982468329535607,4.215149264865488,10.639064689918818,24,13.767319064670119
2022-06-08,18.23926018608944,1.640214369032151,10.070291123566825,24,16.599045817057288
2022-06-09,18.155606079101577,4.430062188042541,10.51769814667879,24,13.725543891059036
2022-06-10,16.987472534179688,2.6972364637587134,9.1098888538502,24,14.290236070420974
2022-06-11,15.930367702908027,1.5944583468967153,8.484133148193367,24,14.335909356011312
2022-06-12,16.54413655598961,4.681553480360208,9.359795139454045,24,11.862583075629402
2022-06-13,16.37731560601128,4.060505167643271,9.022508041946994,24,12.316810438368009
2022-06-14,15.71154412163628,2.6670162624783416,9.815129202383554,24,13.044527859157938
2022-06-15,10.80829230414497,0.531938001844594,5.6052088419596515,24,10.276354302300376
2022-06-16,11.26550869411892,-2.9854159884982323,4.593812179565447,24,14.250924682617152
2022-06-17,15.269136216905396,-0.4042175292968295,7.112992759987179,24,15.673353746202226
2022-06-18,17.642977227105007,3.67469448513458,9.209256673742233,24,13.968282741970427
2022-06-19,18.719901529947947,4.0177347819010265,10.29799089784977,24,14.70216674804692
2022-06-20,18.294502427842872,5.65251227484805,10.9423782489918,24,12.641990152994822
2022-06-21,15.692741224500937,4.971308729383679,9.56121915181479,24,10.721432495117257
2022-06-22,14.773362223307345,5.622396172417552,9.662550283361384,24,9.150966050889792
2022-06-23,12.151213243272592,6.733825344509512,9.269598120230226,24,5.41738789876308
2022-06-24,13.94954596625439,6.757109917534763,9.555951464617719,24,7.192436048719628
2022-06-25,12.670146348741298,4.628349473741309,8.557536400689024,24,8.041796874999989
2022-06-26,13.424582926432322,2.527050103081592,7.076710976494688,24,10.89753282335073
2022-06-27,14.409280395507835,-1.0466054280598769,6.733208437319173,24,15.455885823567712
2022-06-28,13.632145182291652,1.946561686197924,6.768978401466664,24,11.685583496093727
2022-06-29,13.1142547607422,0.2109998914930315,6.441555107964416,24,12.903254869249169
2022-06-30,15.24803941514756,1.1790598551432367,7.52362461796514,24,14.068979560004323
2022-07-01,14.860340033637158,0.2627041286892222,7.182443788316526,24,14.597635904947936
2022-07-02,15.191497802734377,1.9819407145182024,8.199735005696631,24,13.209557088216174
2022-07-03,15.557788085937489,4.79547017415365,9.452770148383259,24,10.762317911783839
2022-07-04,16.863317192925308,6.882697889539884,10.970829914234306,24,9.980619303385424
2022-07-05,18.602887641059,4.220508490668408,11.206642617119696,24,14.382379150390591
2022-07-06,18.677582804362032,5.445291137695278,11.208331623783833,24,13.232291666666754
2022-07-07,18.710419379340298,4.11475253634984,11.21325515464501,24,14.595666842990457
2022-07-08,18.879364691840298,6.695444403754379,11.731855010986337,24,12.183920288085918
2022-07-09,16.673023478190146,2.272419569227452,9.188321699919534,24,14.400603908962694
2022-07-10,15.246395534939268,2.511977132161462,9.260350008364087,24,12.734418402777806
2022-07-11,15.926005045572936,3.014415825737842,9.04648270783602,24,12.911589219835093
2022-07-12,17.451749335394993,1.3761376274957229,9.616604896827996,24,16.07561170789927
2022-07-13,17.448333401150194,4.6418830023871465,10.139215582388431,24,12.806450398763047
2022-07-14,17.941565958658828,2.481738959418408,9.87837983590586,24,15.45982699924042
2022-07-15,17.033222113715283,1.413607109917507,8.725545515837501,24,15.619615003797776
2022-07-16,17.491327921549498,2.423514133029528,9.30530177928785,24,15.06781378851997
2022-07-17,17.246317884657117,1.4817345513238251,9.183406674420395,24,15.764583333333292
2022-07-18,17.393835449218784,2.7169345431858005,10.074698525887955,24,14.676900906032984
2022-07-19,16.35310431586373,2.165430704752623,9.826020742345754,24,14.187673611111109
2022-07-20,15.17308620876736,6.006706746419297,10.585700437757717,24,9.166379462348063
2022-07-21,16.14630025227865,7.250626966688401,11.55155058966744,24,8.895673285590249
2022-07-22,17.032978651258702,6.504460991753433,11.405003766660348,24,10.528517659505269
2022-07-23,16.602256944444434,6.093014187282961,11.378847291734496,24,10.509242757161473
2022-07-24,16.15536397298183,3.9761620415581542,9.40334556014451,24,12.179201931423677
2022-07-25,17.54070570203993,-0.6119866265190694,9.356137989185486,24,18.152692328559
2022-07-26,18.529082912868887,4.708917914496567,11.169171269734706,24,13.82016499837232
2022-07-27,19.281841701931455,5.885159301757824,11.884640955041968,24,13.396682400173631
2022-07-28,18.732460530598985,6.49237230088977,12.218660057915598,24,12.240088229709215
2022-07-29,18.485314263237857,6.006369357638903,11.631478288438592,24,12.478944905598954
2022-07-30,19.1227013481988,5.642423841688355,12.433874483461743,24,13.480277506510443
2022-07-31,18.864069620768248,7.032648383246567,12.075548256768137,24,11.831421237521681
2022-08-01,18.816384887695335,7.312494235568579,12.068586391872843,24,11.503890652126756
2022-08-02,15.26873406304253,7.177892727322103,10.638798763133876,24,8.090841335720427
2022-08-03,13.551165771484364,6.525245836045997,9.720919192278835,24,7.025919935438367
2022-08-04,18.71661648220487,7.088233100043453,12.239835513079619,24,11.628383382161417
2022-08-05,20.772018432617188,7.07951965332029,13.793797669587322,24,13.692498779296898
2022-08-06,21.430829196506124,7.850381130642404,13.835808789288572,24,13.58044806586372
2022-08-07,22.54448988172743,7.47821858723961,15.917616568671347,24,15.06627129448782
2022-08-08,17.82147352430553,6.241336059570358,12.930851166336643,24,11.580137464735174
2022-08-09,20.10808580186631,3.816162109375057,12.263145573933928,24,16.291923692491252
2022-08-10,20.51799689398871,4.541334703233531,12.186627465707298,24,15.976662190755178
2022-08-11,21.83412238226998,7.658549329969617,14.160324506406445,24,14.175573052300365
2022-08-12,22.629673597547765,6.756135728624145,14.405113191957845,24,15.87353786892362
2022-08-13,22.946057467990443,7.831287638346396,15.404335601241515,24,15.114769829644047
2022-08-14,15.838037787543442,4.150304497612865,9.833258833708603,24,11.687733289930577
2022-08-15,15.609101359049532,1.5533769395616446,7.947902156688566,24,14.055724419487888
2022-08-16,17.959395345052087,-0.8041778564452784,9.791675511112935,24,18.763573201497366
2022-08-17,21.897203911675376,4.475643920898449,13.288705628006555,24,17.421559990776927
2022-08-18,23.948130628797745,7.383132595486131,14.704774037113905,24,16.564998033311614
2022-08-19,14.680645751953191,3.5715989854600707,8.813996138396105,24,11.10904676649312
2022-08-20,16.278411865234375,2.631694200303855,8.79035121776442,24,13.64671766493052
2022-08-21,17.33782382541233,0.265697564019149,9.109526613023561,24,17.07212626139318
2022-08-22,18.86065504286023,2.5872426350911724,11.306410033614561,24,16.273412407769058
2022-08-23,19.38005845811631,2.7145623101128535,11.933144279762564,24,16.665496148003456
2022-08-24,19.643228149414085,4.142594061957482,11.98703421133537,24,15.500634087456604
2022-08-25,22.004648844401004,5.2904205322265625,13.820759285820877,24,16.71422831217444
2022-08-26,24.05822041829424,6.696057807074681,15.866706268875697,24,17.36216261121956
2022-08-27,23.7055674235026,7.363768174913219,15.94861977188677,24,16.341799248589382
2022-08-28,24.389628092447936,9.314136759440146,17.338425812897878,24,15.07549133300779
2022-08-29,24.636449178059877,9.96141866048174,16.942668363783106,24,14.675030517578136
2022-08-30,23.624476453993054,6.821144612630178,15.222138270625372,24,16.803331841362876
2022-08-31,19.267870754665807,6.799052259657117,12.443175464206275,24,12.46881849500869
2022-09-01,19.693475680881136,5.183430311414952,12.487336123431183,24,14.510045369466184
2022-09-02,22.58837551540796,5.837210083007847,14.30737474229602,24,16.751165432400114
2022-09-03,25.710544162326418,8.010921223958348,16.91219632184065,24,17.69962293836807
2022-09-04,25.34776611328124,9.901037597656284,17.501792808815296,24,15.446728515624955
2022-09-05,26.571822102864587,10.343470933702292,18.071134411847165,24,16.228351169162295
2022-09-06,25.994289482964405,8.228724161783873,17.089018941808636,24,17.76556532118053
2022-09-07,23.126603868272525,8.705408053927954,15.661792387785752,24,14.421195814344571
2022-09-08,24.692298041449646,8.875693088107653,16.843085197166165,24,15.816604953341994
2022-09-09,27.31715359157988,10.510205078125011,18.9156488913077,24,16.80694851345487
2022-09-10,28.371889580620632,11.651447550455714,20.175834825303827,24,16.720442030164918
2022-09-11,28.770574273003433,12.884908040364564,20.998134415237995,24,15.885666232638869
2022-09-12,27.596564737955703,12.317250908745676,19.46464965255173,24,15.279313829210027
2022-09-13,22.19335869683158,9.65855000813798,15.506608397872363,24,12.534808688693602
2022-09-14,21.45991109212241,9.607845730251768,15.063678953382714,24,11.852065361870643
2022-09-15,23.74280124240454,8.486623128255246,16.38110793784813,24,15.256178114149293
2022-09-16,26.177771335177965,10.087790256076405,18.747406768798843,24,16.089981079101562
2022-09-17,26.572172376844605,11.245584106445335,19.171841854519325,24,15.32658827039927
2022-09-18,26.70967169867623,12.367503526475671,19.935951430709284,24,14.34216817220056
2022-09-19,27.47181599934902,12.662316894531273,20.09075455842196,24,14.809499104817746
2022-09-20,23.56539611816407,8.055390421549532,14.85242592140481,24,15.510005696614538
2022-09-21,20.13732435438368,9.286728922526038,13.779234045523191,24,10.850595431857641
2022-09-22,22.587667846679665,11.405603027343773,16.06933904577186,24,11.182064819335892
2022-09-23,25.58924458821616,9.73559095594618,17.85621969434951,24,15.853653632269982
2022-09-24,27.397186957465298,11.865384250217062,19.579896870365857,24,15.531802707248236
2022-09-25,27.969020589192723,13.14483913845487,20.478692725852685,24,14.824181450737854
2022-09-26,28.989459228515617,12.669385104709193,21.325109905666785,24,16.320074123806425
2022-09-27,30.113938395182288,13.09575941297743,22.384167183770085,24,17.01817898220486
2022-09-28,27.408913845486097,14.228259616427977,20.3444147180628,24,13.18065422905812
2022-09-29,26.50289442274311,12.127177598741357,19.17174805535212,24,14.375716824001755
2022-09-30,27.679236518012143,10.061734347873257,19.800636277375407,24,17.617502170138884
2022-10-01,29.54480929904514,13.92678222656258,21.707576695194973,24,15.618027072482562
2022-10-02,30.940925089518203,12.21142951117622,23.284538763540777,24,18.729495578341982
2022-10-03,32.02290344238281,15.692856174045176,24.069068908691417,24,16.330047268337637
2022-10-04,32.78423733181427,15.913375176323768,24.46185130366574,24,16.8708621554905
2022-10-05,29.65233357747394,15.149395412868955,22.495675856978817,24,14.502938164604984
2022-10-06,31.209008449978285,16.350799560546875,23.514133425112135,24,14.85820888943141
2022-10-07,30.851343790690123,16.26563008626306,23.57079106083624,24,14.585713704427064
2022-10-08,28.677656385633668,15.43440653483077,21.60707266065811,24,13.243249850802897
2022-10-09,29.88605380588109,15.641693793402794,22.62376728764289,24,14.244360012478296
2022-10-10,29.911937459309968,13.533854505750869,22.67589138172292,24,16.3780829535591
2022-10-11,28.706566704644104,14.463381279839382,21.454291124697097,24,14.243185424804722
2022-10-12,29.053075154622377,13.776076253255212,22.108609065303114,24,15.276998901367165
2022-10-13,28.64568922254773,16.857152642144115,22.550238729406292,24,11.788536580403616
2022-10-14,28.594207424587697,15.999345567491275,22.80860564620407,24,12.594861857096422
2022-10-15,29.650775824652783,16.388214789496544,22.514727260448325,24,13.262561035156239
2022-10-16,26.57416856553823,14.210435655381955,20.179754158302597,24,12.363732910156275
2022-10-17,23.129778374566,13.95673794216583,17.400957602041746,24,9.173040432400171
2022-10-18,25.34387546115448,12.547098117404516,18.203979930171272,24,12.796777343749962
2022-10-19,23.781298828125045,13.245161946614644,18.440270120126254,24,10.536136881510402
2022-10-20,25.55308532714844,13.557547675238707,19.173790119312446,24,11.995537651909734
2022-10-21,25.445304701063375,14.206139797634592,19.72263607449003,24,11.239164903428783
2022-10-22,25.42475653754343,14.779576619466129,19.074355655246315,24,10.645179918077302
2022-10-23,23.91265970865885,15.158028835720527,18.477061646072965,24,8.754630872938323
2022-10-24,23.902267116970503,14.002638414171033,17.679752349853526,24,9.89962870279947
2022-10-25,27.287385728624145,12.516460842556455,19.68369618168585,24,14.77092488606769
2022-10-26,27.69551222059459,12.172953626844617,20.870060998422133,24,15.522558593749974
2022-10-27,21.74305046929254,14.02265387641063,17.49433366281017,24,7.720396592881912
2022-10-28,24.90709160698782,12.0437001546224,17.73188438415529,24,12.86339145236542
2022-10-29,21.744726901584215,11.06654222276478,16.560831437287515,24,10.678184678819436
2022-10-30,25.246245998806444,12.102524481879357,18.82508724353933,24,13.143721516927087
2022-10-31,25.10909830729167,13.81383633083766,19.646563296847884,24,11.295261976454011
2022-11-01,21.797403293185766,12.816703287760449,16.51483315361872,24,8.980700005425318
2022-11-02,16.523912896050376,11.630736626519138,14.228700397632752,24,4.893176269531239
2022-11-03,21.519299994574624,13.1037773980035,16.467352676391616,24,8.415522596571124
2022-11-04,20.832512071397616,13.362102254231786,16.637143947460046,24,7.47040981716583
2022-11-05,24.938523695204022,13.50218811035154,18.71483511748139,24,11.436335584852483
2022-11-06,24.479383680555543,12.416298082139749,19.226455420034917,24,12.063085598415794
2022-11-07,21.50572950575088,14.993287150065155,17.714189840246146,24,6.512442355685726
2022-11-08,20.629007975260436,12.09332546657987,16.16704344572846,24,8.535682508680566
2022-11-09,23.446808539496544,11.127370876736109,17.766188572071226,24,12.319437662760436
2022-11-10,24.352509901258713,11.89746805826826,18.856061469184045,24,12.455041842990454
2022-11-11,20.25625237358946,14.55920783148872,16.72711548981844,24,5.697044542100741
2022-11-12,20.518350558810766,14.49457058376737,16.52963348671244,24,6.0237799750433965
2022-11-13,21.85329386393232,11.921329752604152,16.50736985383212,24,9.931964111328167
2022-11-14,21.363560994466184,12.220778401692712,16.622313676057058,24,9.142782592773472
2022-11-15,21.772485351562523,11.486728922526028,16.761573127464025,24,10.285756429036494
2022-11-16,23.93480122884114,12.047474500868075,18.924118409333417,24,11.887326727973063
2022-11-17,27.13500501844618,14.346820746527785,20.704797236124676,24,12.788184271918395
2022-11-18,26.614727105034717,15.191641235351597,21.472408096878635,24,11.42308586968312
2022-11-19,27.367825317382824,15.8039394802517,21.147525151570644,24,11.563885837131124
2022-11-20,24.79149848090276,11.234961276584158,18.24451681066443,24,13.556537204318602
2022-11-21,24.153348795572924,12.188134426540785,18.227201673719634,24,11.96521436903214
2022-11-22,22.58831481933595,13.239835951063355,16.971943367852116,24,9.348478868272593
2022-11-23,24.686563110351585,12.40594821506079,18.92692411917229,24,12.280614895290796
2022-11-24,26.44214375813806,13.74684109157988,20.19368765089249,24,12.69530266655818
2022-11-25,26.682703653971316,15.66137864854602,20.411340854786065,24,11.021325005425297
2022-11-26,23.798589070638,14.883185153537283,18.810913580435308,24,8.915403917100715
2022-11-27,22.785749308268237,13.918596394856763,17.788649975812003,24,8.867152913411473
2022-11-28,21.142617458767404,13.352971394856752,16.589990361531587,24,7.789646063910652
2022-11-29,20.878526814778695,12.78181660970057,17.084269629584437,24,8.096710205078125
2022-11-30,23.85932413736981,11.50710177951396,18.90703499405473,24,12.352222357855851
2022-12-01,24.689570787217917,11.835617404513926,19.458155879267952,24,12.853953382703992
2022-12-02,25.757797580295176,13.221648830837694,19.898664502744335,24,12.536148749457482
2022-12-03,26.719313557942712,15.392786661783871,21.55746005022969,24,11.32652689615884
2022-12-04,27.17949320475265,14.818339369032117,21.042132455331323,24,12.361153835720533
2022-12-05,22.133631388346373,15.312914021809888,18.427218797471802,24,6.820717366536485
2022-12-06,25.294123331705748,14.13726433648003,18.874804602728954,24,11.156858995225718
2022-12-07,23.59882710774741,15.199120754665842,18.871243201361775,24,8.39970635308157
2022-12-08,23.814437527126756,14.274076334635424,19.212191532276304,24,9.540361192491332
2022-12-09,22.120026991102407,14.432581922743054,17.93182031136973,24,7.687445068359352
2022-12-10,22.837928941514747,13.381021118164083,18.207596164279526,24,9.456907823350663
2022-12-11,23.796361965603296,14.510666232638926,19.17710619325992,24,9.28569573296437
2022-12-12,17.430324639214405,15.42737765842014,16.25377608405221,24,2.002946980794265
2022-12-13,20.23970065646705,14.376334974500878,16.985412244443552,24,5.863365681966172
2022-12-14,24.190596177842902,13.906999376085082,18.933616595798078,24,10.28359680175782
2022-12-15,25.63292744954424,14.644014824761314,20.46728721901223,24,10.988912624782927
2022-12-16,24.02319302029082,16.37739902072485,19.714861453021026,24,7.645793999565967
2022-12-17,24.40065171983508,15.619966295030396,19.22424940886322,24,8.780685424804682
2022-12-18,23.62693617078992,14.613839382595472,19.54679152877243,24,9.01309678819445
2022-12-19,23.891715155707516,16.056374104817735,19.598024961683496,24,7.835341050889781
2022-12-20,25.7825897216797,14.817387898763002,20.397524600558818,24,10.965201822916697
2022-12-21,22.46973775227866,14.667081705729174,18.012826905427172,24,7.802656046549487
2022-12-22,22.006117078993043,12.380528767903629,17.413140473542402,24,9.625588311089414
2022-12-23,24.52741800944011,11.46479288736981,18.647872557463483,24,13.062625122070301
2022-12-24,25.759246826171875,13.057896253797765,19.843301419858587,24,12.70135057237411
2022-12-25,26.69884406195746,15.46214701334634,21.10924952471699,24,11.236697048611118
2022-12-26,25.986197916666697,15.716848415798609,20.272693704675756,24,10.269349500868088
2022-12-27,25.6636942545573,15.246928575303857,20.400834599247705,24,10.416765679253443
2022-12-28,24.86736314561631,15.623079427083326,19.262531676115817,24,9.244283718532984
2022-12-29,20.057299804687545,13.803291829427051,17.054009317468736,24,6.254007975260494
2022-12-30,19.142049153645814,12.54376051161023,15.802434709337035,24,6.598288642035584
2022-12-31,20.27411600748701,11.609941948784751,15.879984735559548,24,8.664174058702258
2023-01-01,21.40882229275178,12.502609931098108,16.434422952157497,24,8.90621236165367
2023-01-02,22.794166395399316,12.528520711263011,18.05618571528683,24,10.265645684136304
2023-01-03,23.921338568793377,13.621920776367176,19.0732238204391,24,10.299417792426201
2023-01-04,24.58702833387588,14.449843343098962,20.055405793366617,24,10.13718499077692
2023-01-05,23.077065361870662,15.285474650065169,18.207972434715,24,7.791590711805494
2023-01-06,21.578550550672787,12.336442396375844,17.271537611219635,24,9.242108154296943
2023-01-07,21.590504625108508,10.620184326171852,16.34545303627297,24,10.970320298936656
2023-01-08,21.04804212782119,11.915356106228272,16.416132651435017,24,9.132686021592919
2023-01-09,24.523525661892393,12.73737013075089,19.044301209626397,24,11.786155531141503
2023-01-10,26.579739379882824,13.645598008897592,20.88080902099611,24,12.934141370985232
2023-01-11,27.5912021213108,14.092066786024304,21.339725437870737,24,13.499135335286496
2023-01-12,27.615576510959215,12.557460191514735,20.6523782518175,24,15.05811631944448
2023-01-13,25.97747701009115,11.252579752604165,19.253822453816742,24,14.724897257486985
2023-01-14,27.731952582465283,13.041101074218773,21.06227281358508,24,14.69085150824651
2023-01-15,27.74565531412765,14.925699191623266,21.52864613003202,24,12.819956122504383
2023-01-16,28.11537068684896,14.477203708224865,21.851230776751493,24,13.638166978624094
2023-01-17,27.267796834309877,15.550127834743932,21.71695247226293,24,11.717668999565944
2023-01-18,26.44188910590276,15.941952175564268,21.555731285942926,24,10.499936930338492
2023-01-19,26.431146918402817,16.959038289388047,21.044494303950568,24,9.47210862901477
2023-01-20,26.64367641872832,16.705043199327292,21.873603524102112,24,9.938633219401027
2023-01-21,28.992207166883706,16.462850613064234,22.664774054068115,24,12.529356553819472
2023-01-22,28.68482767740886,15.32178921169708,22.28211917170773,24,13.363038465711782
2023-01-23,27.76434326171875,14.681118096245712,21.661394260547798,24,13.083225165473038
2023-01-24,28.06642456054692,15.086717393663209,21.95123360245317,24,12.979707166883712
2023-01-25,26.75348002115885,16.037264675564245,21.178616855762634,24,10.716215345594605
2023-01-26,24.78273824055992,15.229104614257835,20.165613103795952,24,9.553633626302084
2023-01-27,26.469820488823757,14.623894924587717,21.013228211579506,24,11.84592556423604
2023-01-28,29.512664455837697,15.406523980034764,22.87422965720849,24,14.106140475802933
2023-01-29,29.920371500651015,17.336843193901927,22.49936105233652,24,12.583528306749088
2023-01-30,21.29683702256943,16.105902099609352,18.40519758153845,24,5.1909349229600785
2023-01-31,24.98371751573353,15.07708536783855,19.846315638224294,24,9.906632147894982
2023-02-01,23.300936211480007,15.841107516818568,18.34579709370933,24,7.459828694661439
2023-02-02,22.382240125868066,15.746614244249145,18.52075398763023,24,6.635625881618921
2023-02-03,24.133645968967016,15.843258327908018,18.95457336990924,24,8.290387641058999
2023-02-04,22.81184895833337,16.031613837348118,18.72194003352414,24,6.780235120985253
2023-02-05,23.69389377170137,13.720661078559033,18.81835639388475,24,9.973232693142336
2023-02-06,24.366920979817735,13.720133124457504,19.71715352093734,24,10.64678785536023
2023-02-07,24.918419731987857,13.5574930826823,19.709030222009734,24,11.360926649305558
2023-02-08,23.305000813802053,15.433379448784706,18.686930875424995,24,7.871621365017347
2023-02-09,21.78582221137151,14.316723971896693,18.25664251822013,24,7.4690982394748175
2023-02-10,17.59423997667102,14.60361735026038,16.297139570448135,24,2.990622626410639
2023-02-11,19.219646538628524,14.335028076171852,16.18620228237577,24,4.884618462456672
2023-02-12,22.466206529405383,15.669042290581558,18.735502963595923,24,6.797164238823825
2023-02-13,22.052935791015617,15.205287679036472,18.291981096620926,24,6.8476481119791455
2023-02-14,23.884803263346328,16.016586303710938,19.25360470524542,24,7.86821695963539
2023-02-15,23.90961269802517,16.384992472330737,19.16856525562429,24,7.524620225694434
2023-02-16,22.890303548177144,16.287742106119765,18.570151590417954,24,6.602561442057379
2023-02-17,19.87515190972221,15.825241427951426,17.495557474207004,24,4.049910481770784
2023-02-18,20.675952487521727,15.72765265570746,18.031918038262273,24,4.948299831814266
2023-02-19,23.57166103786892,13.689075724283896,18.999668672349724,24,9.882585313585025
2023-02-20,25.01918911404084,15.758895195855075,19.39026006062826,24,9.260293918185766
2023-02-21,23.491691080729197,12.24792921278214,17.88057732758699,24,11.243761867947057
2023-02-22,23.157459513346396,10.924513414170974,17.685372331407343,24,12.232946099175422
2023-02-23,24.5423750135634,11.302346801757835,18.97106043497723,24,13.240028211805566
2023-02-24,26.590427313910595,13.448167249891467,20.385278207284443,24,13.142260064019128
2023-02-25,27.201622856987857,13.538781399197092,21.234061332985217,24,13.662841457790766
2023-02-26,25.26484442816843,14.466299438476597,19.663092408356853,24,10.798544989691834
2023-02-27,24.766976928711017,14.264867824978351,19.484098872432014,24,10.502109103732666
2023-02-28,24.697470431857653,15.246779039170974,19.61204377633555,24,9.450691392686679
2023-03-01,24.322241210937538,12.045562405056444,19.116408468175823,24,12.276678805881094
2023-03-02,23.63549126519098,13.137970309787306,18.55111069855868,24,10.497520955403672
2023-03-03,23.746710205078102,12.725745307074646,17.887606345282673,24,11.020964898003456
2023-03-04,24.44816928439667,13.911174180772605,19.06252052872271,24,10.536995103624065
2023-03-05,25.213458251953114,15.282569037543396,19.791607270417398,24,9.930889214409717
2023-03-06,26.275837537977452,15.46307203504773,20.75161673934372,24,10.812765502929722
2023-03-07,25.269199964735265,15.694136895073823,20.020249727037232,24,9.575063069661441
2023-03-08,25.44837816026478,16.411406792534706,20.28200241371439,24,9.036971367730075
2023-03-09,27.121556260850696,13.52973497178823,20.522234937879784,24,13.591821289062466
2023-03-10,26.858196343315967,10.26628723144529,19.458658317283355,24,16.591909111870677
2023-03-11,26.83986104329432,14.464532470703148,20.66800664265952,24,12.375328572591172
2023-03-12,24.898887464735253,15.225164455837728,19.827361057422795,24,9.673723008897525
2023-03-13,24.264567396375867,13.15387403700089,18.851985818368423,24,11.110693359374977
2023-03-14,25.718291558159702,12.328399997287365,18.792637733176914,24,13.389891560872337
2023-03-15,24.70264587402346,12.186546834309866,18.75191137525771,24,12.516099039713595
2023-03-16,24.367943657769104,12.755792575412386,18.338250831321457,24,11.612151082356718
2023-03-17,23.488570488823825,12.839077080620656,18.330215496487096,24,10.649493408203169
2023-03-18,25.666238403320335,12.922530449761268,19.842572558367706,24,12.743707953559067
2023-03-19,27.212491861979117,16.153684488932356,21.539161427815774,24,11.058807373046761
2023-03-20,27.23354254828564,16.34845716688369,21.615493392944348,24,10.88508538140195
2023-03-21,25.01055636935763,15.003491210937511,19.34412273830839,24,10.007065158420119
2023-03-22,26.612401665581615,13.359793429904528,19.90347500553839,24,13.252608235677087
2023-03-23,22.257061767578136,13.49824557834205,18.1037040145309,24,8.758816189236086
2023-03-24,18.449195692274316,14.1021562364366,16.351588397555886,24,4.347039455837715
2023-03-25,19.762365044487808,13.64250250922305,16.226022084554046,24,6.119862535264758
2023-03-26,22.345255872938367,12.204002888997422,17.38526605676722,24,10.141252983940944
2023-03-27,21.60297309027783,11.361609564887146,16.489090799402323,24,10.241363525390682
2023-03-28,19.229635281032984,11.63214314778645,14.958720624005368,24,7.597492133246533
2023-03-29,23.536822509765617,9.684629991319468,16.310350234420223,24,13.852192518446149
2023-03-30,23.674973212348107,12.26380581325958,18.166843753390864,24,11.411167399088527
2023-03-31,20.63323567708335,11.339941067165796,15.405072968094446,24,9.293294609917552
2023-04-01,21.314643351236953,10.784595404730908,16.340070611459247,24,10.530047946506045
2023-04-02,23.106253051757847,10.948838975694455,16.883100608543128,24,12.157414076063391
2023-04-03,22.62018364800349,12.621295505099852,16.686016478361918,24,9.998888142903638
2023-04-04,22.14778001573353,10.748335435655406,16.037215098628305,24,11.399444580078125
2023-04-05,21.120023261176243,9.200217692057322,14.961358006795267,24,11.919805569118921
2023-04-06,22.617291259765636,8.666777886284706,16.25177305716056,24,13.95051337348093
2023-04-07,23.03516235351566,10.073564656575511,16.724650446573904,24,12.961597696940148
2023-04-08,24.774973890516435,11.275007459852477,17.55398912783023,24,13.499966430663958
2023-04-09,25.071421644422745,12.38031209309895,18.18930217601636,24,12.691109551323795
2023-04-10,20.387183973524316,10.79913974338109,15.189856493914583,24,9.588044230143225
2023-04-11,19.08533291286892,6.308778889973951,12.33596058598272,24,12.77655402289497
2023-04-12,19.560822211371544,4.567486572265636,13.526058352435093,24,14.993335639105908
2023-04-13,22.363145616319457,10.54578450520836,16.442835998535177,24,11.817361111111097
2023-04-14,21.592433675130223,9.697466701931432,15.687190387867124,24,11.894966973198791
2023-04-15,21.32017856174042,6.455843098958383,14.411704324792943,24,14.864335462782037
2023-04-16,19.92852138943141,9.904078504774304,14.23620919121638,24,10.024442884657105
2023-04-17,20.337412177191823,8.992027791341172,14.38485707883482,24,11.34538438585065
2023-04-18,22.084188503689234,9.121445041232676,15.657843921802664,24,12.962743462456558
2023-04-19,22.478934733072947,8.257203504774338,15.582150056627071,24,14.221731228298609
2023-04-20,21.742468939887143,9.0700839572483,15.380440662525324,24,12.672384982638842
2023-04-21,22.590746392144126,8.874659898545985,15.735882780287012,24,13.71608649359814
2023-04-22,23.89488627115884,10.309108479817723,16.72507605376069,24,13.585777791341116
2023-04-23,23.015224880642393,8.90230475531689,16.28399273907699,24,14.112920125325502
2023-04-24,24.56586914062501,12.934736802842906,18.01239248205115,24,11.631132337782105
2023-04-25,24.965534803602395,10.462654283311622,17.784247504340282,24,14.502880520290773
2023-04-26,24.191368611653672,13.282873196072046,18.39024521156595,24,10.908495415581626
2023-04-27,24.218638780381923,13.832307603624145,18.60371408815738,24,10.386331176757778
2023-04-28,24.805374484591994,15.217440795898485,19.695298738832843,24,9.587933688693509
2023-04-29,25.187176513671886,11.88013170030382,18.142522741247113,24,13.307044813368066
2023-04-30,24.17724032931858,9.780128987630237,17.667575765539112,24,14.397111341688342
2023-05-01,20.73637797037765,13.182726372612876,16.047608396742092,24,7.553651597764773
2023-05-02,23.519812689887143,11.790442911783828,17.246947987874357,24,11.729369778103315
2023-05-03,24.51405232747396,11.397689480251756,17.276859834459103,24,13.116362847222202
2023-05-04,22.79871283637152,10.586788262261337,15.693713590833895,24,12.211924574110185
2023-05-05,23.70588344997833,10.833034600151905,16.003014458550357,24,12.872848849826426
2023-05-06,22.293258327908006,11.367172580295176,16.542173399748638,24,10.92608574761283
2023-05-07,21.199856567382767,11.42674560546874,15.376821842900043,24,9.773110961914027
2023-05-08,15.545138210720497,8.2684315999349,11.81596209208172,24,7.276706610785597
2023-05-09,17.132972886827304,6.890853542751756,11.82635564450866,24,10.242119344075547
2023-05-10,18.97870008680559,8.902157592773506,13.322877714369055,24,10.076542494032083
2023-05-11,20.015698242187455,7.302651638454847,13.800057149816451,24,12.713046603732607
2023-05-12,21.142977227105064,10.257279798719594,14.731681908501535,24,10.88569742838547
2023-05-13,20.616664632161473,7.316427612304722,14.465609995524096,24,13.300237019856752
2023-05-14,19.369606526692735,9.639655558268204,13.888619543004934,24,9.72995096842453
2023-05-15,16.054649183485253,8.824439493815134,11.943068610297322,24,7.230209689670119
2023-05-16,14.2597625732422,6.840654500325513,10.840609515154812,24,7.419108072916687
2023-05-17,18.352319675021704,5.981692504882801,12.002059427897153,24,12.370627170138903
2023-05-18,18.708894178602463,8.921582709418374,12.707336227982145,24,9.78731146918409
2023-05-19,15.52326083713109,6.641307576497411,11.021540776005514,24,8.88195326063368
2023-05-20,15.506537543402771,4.3424916585286155,9.585925250583243,24,11.164045884874156
2023-05-21,17.007424926757835,5.0519090440538434,10.211466782181366,24,11.955515882703992
2023-05-22,17.23469645182297,4.627609252929744,10.46387529726384,24,12.607087198893225
2023-05-23,15.848189629448768,4.767048475477452,10.068516116672102,24,11.081141153971316
2023-05-24,20.004366726345495,6.290522596571179,12.083958844785352,24,13.713844129774316
2023-05-25,20.674021402994754,6.528449842664941,13.85850262112089,24,14.145571560329813
2023-05-26,16.568958875868077,6.568423800998289,10.925743724681725,24,10.000535074869788
2023-05-27,18.58552652994797,7.335960896809922,13.193666232073767,24,11.249565633138047
2023-05-28,19.808813815646715,8.623578559027749,13.308228697600205,24,11.185235256618967
2023-05-29,19.573148261176243,7.06213107638888,12.81782259058071,24,12.511017184787363
2023-05-30,17.398838975694446,8.059122382269948,12.117792821813522,24,9.339716593424498
2023-05-31,15.156044175889804,3.624073621961827,10.09652215463146,24,11.531970553927977
2023-06-01,14.075033908420153,2.219197252061633,7.487004951194497,24,11.85583665635852
2023-06-02,17.581612141927053,4.710050455729174,10.219943025377068,24,12.871561686197879
2023-06-03,20.40493299696186,6.412064615885413,13.395230356852231,24,13.992868381076448
2023-06-04,20.862289089626756,8.538080173068579,14.14520769472477,24,12.324208916558177
2023-06-05,16.288993665907185,4.664921739366321,9.607849050451229,24,11.624071926540864
2023-06-06,18.94911159939238,4.098106892903672,11.351740377920665,24,14.851004706488709
2023-06-07,20.303687540690134,6.846856689453148,13.168157153659413,24,13.456830851236987
2023-06-08,20.31107313368057,9.929632568359407,14.298366306446232,24,10.381440565321162
2023-06-09,18.62787373860681,4.3022613525390625,10.548366998743143,24,14.325612386067746
2023-06-10,16.44489067925349,1.5879662407768933,8.791301289311171,24,14.856924438476597
2023-06-11,17.168748643663207,5.9728074815538434,10.292822731865792,24,11.195941162109364
2023-06-12,16.522529771592872,5.07550150553385,9.94403439274542,24,11.447028266059021
2023-06-13,13.016697523329016,2.371106635199681,6.70920336688008,24,10.645590888129336
2023-06-14,16.83219570583765,0.7190009223090215,8.723053331728343,24,16.113194783528627
2023-06-15,17.216227552625867,4.893809000651061,10.272961001926012,24,12.322418551974806
2023-06-16,17.432162136501745,4.105244276258702,9.841845900924126,24,13.326917860243043
2023-06-17,18.936186387803843,2.624142456054699,10.129942858660677,24,16.312043931749145
2023-06-18,19.448424614800388,4.983306206597206,11.623029200236017,24,14.465118408203182
2023-06-19,19.889448038736987,4.795142279730953,11.916786688345459,24,15.094305759006033
2023-06-20,15.115043470594628,2.625954861111097,7.972676976521818,24,12.489088609483531
2023-06-21,18.318932427300354,2.651023356119765,9.945572803638612,24,15.667909071180588
2023-06-22,18.38293796115454,5.747959391276083,10.86357574462892,24,12.634978569878456
2023-06-23,16.828797403971407,5.212850273980052,9.822145405522107,24,11.615947129991355
2023-06-24,19.021768527560766,4.397851901584204,11.620437833997949,24,14.623916625976562
2023-06-25,19.163907877604174,7.647311740451357,12.164255905151379,24,11.516596137152817
2023-06-26,17.911289469401083,3.73847893608945,10.703811645507828,24,14.172810533311633
2023-06-27,17.27032165527345,3.550370958116332,10.308368230749066,24,13.719950697157117
2023-06-28,16.06105617947054,6.194965616862021,10.439032900774933,24,9.86609056260852
2023-06-29,14.814346991644925,4.051737467447936,9.26372416460957,24,10.76260952419699
2023-06-30,14.281500244140602,0.5352501763238138,6.953639235319922,24,13.746250067816788
2023-07-01,17.749266899956638,1.019972059461793,9.210365521466306,24,16.729294840494845
2023-07-02,17.621133083767404,6.402621459960983,11.265753018414548,24,11.218511623806421
2023-07-03,17.610370890299464,1.598111979166731,10.065683492024759,24,16.012258911132733
2023-07-04,17.524080064561645,6.037665473090328,11.001661992956107,24,11.486414591471316
2023-07-05,17.397982109917564,5.423801337348095,11.007207051029924,24,11.974180772569468
2023-07-06,16.604645453559044,1.5014360215928946,9.84434564378528,24,15.10320943196615
2023-07-07,17.310333251953125,4.274542236328159,9.874998770819785,24,13.035791015624966
2023-07-08,18.29930894639756,2.2122175428602304,10.007925951922388,24,16.08709140353733
2023-07-09,12.731959703233484,0.4942776150173813,6.298870157312476,24,12.237682088216102
2023-07-10,8.462884860568636,-1.887307061089416,3.1181249547887853,24,10.350191921658052
2023-07-11,13.432978651258736,-0.1242092556423699,5.870784886678074,24,13.557187906901106
2023-07-12,14.407451714409715,-1.2219824896918112,6.460771348741329,24,15.629434204101527
2023-07-13,15.786117553710938,3.340657212999133,8.423550655223712,24,12.445460340711804
2023-07-14,13.672099812825536,0.5088178846571054,6.74282853868274,24,13.16328192816843
2023-07-15,14.03857421875,1.1287055121528056,7.7235480838351975,24,12.909868706597194
2023-07-16,17.40876464843751,2.320658704969617,10.141636587072318,24,15.088105943467895
2023-07-17,19.43936631944445,6.268008422851551,12.273643324110266,24,13.171357896592898
2023-07-18,19.675713094075547,6.2326534695095575,12.208933088514561,24,13.44305962456599
2023-07-19,19.578183322482687,3.2343207465277715,11.18800077085143,24,16.343862575954915
2023-07-20,14.065775214301198,4.148469712999145,8.842539766099724,24,9.917305501302053
2023-07-21,11.610435655381934,4.79651523166234,7.596133959734897,24,6.813920423719594
2023-07-22,15.58141343858506,5.812543741861987,9.472953457302529,24,9.768869696723073
2023-07-23,20.802524481879345,3.4114027235243043,11.939828448825422,24,17.39112175835504
2023-07-24,21.937162611219605,6.152085706922719,13.462484727082442,24,15.785076904296886
2023-07-25,18.425513373480896,3.0819240993923813,10.629059473673516,24,15.343589274088515
2023-07-26,17.53516913519968,6.256097751193579,10.846512985229504,24,11.279071384006102
2023-07-27,19.855518256293408,6.608941989474829,12.508520818639694,24,13.246576266818579
2023-07-28,21.309981621636325,6.811888292100662,13.730761082967133,24,14.498093329535664
2023-07-29,21.54831271701391,7.985280354817746,13.881197865804033,24,13.563032362196164
2023-07-30,9.894063652886302,0.941617160373255,5.42167854309083,24,8.952446492513047
2023-07-31,13.711533270941857,-1.7216373019747948,5.551149085715987,24,15.433170572916652
2023-08-01,16.31639404296874,-0.8356268988715101,7.183181635538747,24,17.15202094184025
2023-08-02,14.985041978624167,2.97144470214846,8.121905517578135,24,12.013597276475707
2023-08-03,14.55341593424481,1.2642632378472172,7.522976218329542,24,13.289152696397593
2023-08-04,15.431266615125937,0.6921437581380587,8.232605460838045,24,14.739122856987878
2023-08-05,16.579339938693636,5.090671115451414,9.911677862096733,24,11.488668823242222
2023-08-06,17.98961927625868,3.557700941297753,10.473923746744804,24,14.431918334960926
2023-08-07,20.9555633544922,4.535848320855052,11.918307396217648,24,16.419715033637146
2023-08-08,21.29138760036892,1.6997009277343975,12.058616242585371,24,19.591686672634523
2023-08-09,18.96468098958331,4.063335503472217,11.353124434859678,24,14.901345486111094
2023-08-10,17.10847608778215,6.011221991644959,10.60978806107134,24,11.097254096137192
2023-08-11,17.19122280544707,3.6141510009765625,10.99889167503075,24,13.577071804470506
2023-08-12,18.800283813476597,6.048848809136246,12.385782510262963,24,12.751435004340351
2023-08-13,22.951129150390617,7.427113850911439,15.255835455435305,24,15.524015299479178
2023-08-14,23.2814931233724,9.795647176106796,16.317074330647802,24,13.485845947265604
2023-08-15,24.634269205729197,10.345739407009546,16.559637889155653,24,14.288529798719651
2023-08-16,21.980255805121544,6.37841796875,14.027481559470855,24,15.601837836371544
2023-08-17,21.588058471679688,7.793874104817746,14.74663518269859,24,13.794184366861941
2023-08-18,23.778128051757847,8.833579847547753,16.137598108362276,24,14.944548204210093
2023-08-19,24.853109063042552,6.437758043077281,16.613842165911656,24,18.41535101996527
2023-08-20,24.190095689561645,6.956615193684911,15.781500879923515,24,17.233480495876734
2023-08-21,26.64858296712237,8.868544854058143,17.46745752405239,24,17.780038113064226
2023-08-22,26.790626695420997,10.452872721354254,17.656693154794212,24,16.337753974066743
2023-08-23,23.77788560655381,5.4868648952908075,14.404097309818988,24,18.291020711263002
2023-08-24,24.26484883626307,4.965576510959181,15.065674958405685,24,19.29927232530389
2023-08-25,23.501728651258706,9.57703586154514,16.41784389637135,24,13.924692789713566
2023-08-26,17.698354424370677,5.034287177191857,10.40917382416904,24,12.66406724717882
2023-08-27,20.063504028320324,2.039704386393226,11.032379969844117,24,18.0237996419271
2023-08-28,21.32868550618491,3.0317369249132184,12.06006724039716,24,18.296948581271693
2023-08-29,22.267318725585938,4.011769951714427,13.219353400336379,24,18.25554877387151
2023-08-30,21.46746148003473,5.211530897352475,13.491119879263435,24,16.255930582682254
2023-08-31,22.355563015407995,6.069619072808166,14.420453587284806,24,16.28594394259983
2023-09-01,24.719148084852463,9.123336791992188,17.1439308166504,24,15.595811292860276
2023-09-02,25.91960076226127,12.226413981119832,19.17898373074003,24,13.693186781141437
2023-09-03,27.340017700195347,12.62110324435764,19.821511473479106,24,14.718914455837707
2023-09-04,28.545691935221384,11.929659356011314,20.29411245275428,24,16.61603257921007
2023-09-05,28.54132249620227,11.816615464952235,20.169907718234604,24,16.724707031250034
2023-09-06,25.694081963433177,8.436168755425342,16.286506921273695,24,17.257913208007835
2023-09-07,25.118747965494777,8.239366997612876,16.069790663542587,24,16.8793809678819
2023-09-08,26.521515570746544,9.1259941948785,18.135066435072165,24,17.395521375868043
2023-09-09,29.286229451497434,9.241927422417575,20.247131686740463,24,20.04430202907986
2023-09-10,29.97249348958337,12.366505601671008,21.682396373042355,24,17.605987887912363
2023-09-11,29.553058200412295,6.869985622829859,18.814100562201617,24,22.683072577582436
2023-09-12,18.294966973198825,4.357803005642381,11.11791475084094,24,13.937163967556444
2023-09-13,18.391361151801277,5.299314032660561,12.062638487639264,24,13.092047119140716
2023-09-14,22.370351155598996,8.779688517252623,14.870436505918159,24,13.590662638346373
2023-09-15,28.018896823459215,10.439917331271715,18.9663085796215,24,17.5789794921875
2023-09-16,26.838478936089416,10.79925164116753,18.08058134008338,24,16.039227294921886
2023-09-17,24.64044325086809,6.128940158420164,15.613869504575385,24,18.511503092447924
2023-09-18,24.240986802842883,8.671075439453148,16.50690371195477,24,15.569911363389735
2023-09-19,26.4929355197483,11.01313273111981,18.301833852132177,24,15.47980278862849
2023-09-20,26.608018324110276,11.786821492513011,18.841686700891582,24,14.821196831597264
2023-09-21,27.941670057508706,9.906538899739587,19.34628623679834,24,18.03513115776912
2023-09-22,28.60082838270398,8.275341796875011,19.871448983086484,24,20.32548658582897
2023-09-23,27.892437405056455,15.281483629014758,21.331953741002987,24,12.610953776041697
2023-09-24,28.8380167643229,12.144575670030347,21.250732012148273,24,16.693441094292552
2023-09-25,24.556973266601577,8.4393290201823,16.081566732901127,24,16.117644246419278
2023-09-26,19.502136230468807,6.685126410590328,12.953841258861425,24,12.817009819878479
2023-09-27,15.077799818250924,6.736911349826357,11.433963380036538,24,8.340888468424566
2023-09-28,21.64387919108071,9.915353732638891,15.019266849093968,24,11.728525458441819
2023-09-29,25.229488796658018,9.825517103407153,17.711389880710197,24,15.403971693250865
2023-09-30,29.56854621039497,12.64030422634545,21.432534578111444,24,16.92824198404952
2023-10-01,28.04347941080732,10.09107835557728,19.218559420550328,24,17.95240105523004
2023-10-02,23.65320434570316,9.621839735243045,16.202710398921273,24,14.031364610460114
2023-10-03,27.490510389539963,8.34369608561201,18.553124208803542,24,19.146814303927954
2023-10-04,31.33369140625001,14.93726230197484,23.09140552944608,24,16.39642910427517
2023-10-05,32.08677402072482,13.888543701171898,23.624596334386766,24,18.19823031955292
2023-10-06,32.22837727864584,13.261183675130212,23.77482082225659,24,18.967193603515625
2023-10-07,31.46200629340279,14.438754272460926,23.275796325118467,24,17.023252020941865
2023-10-08,32.440175374348996,15.433191935221371,23.99290611832232,24,17.006983439127623
2023-10-09,28.18119032118057,13.469024658203123,20.97317535965532,24,14.712165662977446
2023-10-10,27.82031690809464,14.032636854383668,20.874468866984056,24,13.787680053710972
2023-10-11,25.382561916775217,16.0487050374349,20.611844295925575,24,9.333856879340317
2023-10-12,22.264565022786485,14.230318535698755,17.500104098849846,24,8.03424648708773
2023-10-13,26.149889458550376,12.00892401801218,18.193812123051412,24,14.140965440538196
2023-10-14,26.88091701931421,8.724627007378501,18.579441211841733,24,18.15629001193571
2023-10-15,24.265886433919263,11.745076158311631,16.877882427639445,24,12.520810275607632
2023-10-16,20.911782497829847,11.198593139648494,15.090920172797325,24,9.713189358181353
2023-10-17,18.946441311306444,9.23571133083766,13.894174547548658,24,9.710729980468784
2023-10-18,23.911765882704003,7.766158718533006,16.31851176509152,24,16.145607164170997
2023-10-19,25.951907687716982,10.24785936143661,19.22114345409253,24,15.704048326280372
2023-10-20,26.30096096462671,11.81134575737849,19.407402759128153,24,14.489615207248221
2023-10-21,28.06068081325958,14.572533162434922,21.589764206497765,24,13.488147650824658
2023-10-22,27.606627400716206,10.878133477105052,18.862411244710298,24,16.728493923611154
2023-10-23,26.927492607964385,10.88265041775179,19.439731272944705,24,16.044842190212595
2023-10-24,31.069816419813375,15.076505872938412,22.804828163429548,24,15.993310546874962
2023-10-25,30.35938822428386,10.26512688530812,21.059005355834973,24,20.09426133897574
2023-10-26,30.493676757812462,11.991865709092906,21.855139527497474,24,18.501811048719556
2023-10-27,31.952245415581615,15.982713487413209,23.392285989832,24,15.969531928168406
2023-10-28,29.345970662434866,15.23950805664066,21.936371400621212,24,14.106462605794205
2023-10-29,19.26988423665364,5.884116617838515,13.052488722624611,24,13.385767618815123
2023-10-30,11.04750027126738,5.509145779079915,7.717886861165378,24,5.538354492187464
2023-10-31,10.194453599717916,6.478711954752612,8.496836711742281,24,3.715741644965304
2023-11-01,19.04822557237418,7.452302720811645,12.99867880079482,24,11.595922851562534
2023-11-02,21.009435356987865,8.131626722547765,14.658861287434911,24,12.8778086344401
2023-11-03,21.762282647026893,9.856548055013036,16.357029695864092,24,11.905734592013857
2023-11-04,21.32575853135847,10.857133992513011,15.70388693632904,24,10.468624538845459
2023-11-05,25.33941040039059,10.177211507161472,18.774582304777933,24,15.16219889322912
2023-11-06,27.044792683919297,14.85822347005211,21.149446487426765,24,12.186569213867188
2023-11-07,18.038783094618054,9.545129055447092,15.086751895480695,24,8.493654039170963
2023-11-08,23.1394053141276,8.108331976996567,16.89421893932202,24,15.031073337131033
2023-11-09,24.69437391493057,12.897701687283018,19.042858462863503,24,11.796672227647552
2023-11-10,25.509850396050354,13.20696207682289,19.398000830191165,24,12.302888319227463
2023-11-11,28.30995076497396,13.798532104492269,21.23356586032445,24,14.51141866048169
2023-11-12,30.617607625325547,15.645536634657104,22.530598449707043,24,14.972070990668444
2023-11-13,28.121851264105885,15.27937622070317,21.213719572844344,24,12.842475043402715
2023-11-14,18.77851257324221,12.557140774197023,15.716818548131883,24,6.221371799045187
2023-11-15,23.62670830620658,10.5472422281901,17.17384380764432,24,13.07946607801648
2023-11-16,25.0683634440104,12.254164971245643,18.73834075927735,24,12.814198472764758
2023-11-17,26.347490437825513,15.803094482421898,20.69542569760924,24,10.544395955403616
2023-11-18,26.905107625325513,14.950944688585082,20.696444970590104,24,11.954162936740431
2023-11-19,29.27966885036892,13.962580023871569,22.445256028351974,24,15.317088826497352
2023-11-20,29.542279052734383,15.636327107747434,22.790812245121725,24,13.905951944986949
2023-11-21,29.807584974500912,17.513209025065123,23.987756856282573,24,12.29437594943579
2023-11-22,30.393080986870643,16.580494181315146,24.543650238602257,24,13.812586805555497
2023-11-23,31.12651401095917,19.175626288519936,25.030769122088397,24,11.950887722439234
2023-11-24,31.225813462999156,20.103794691297765,25.08892669677735,24,11.122018771701391
2023-11-25,30.65930243598092,18.752337985568545,24.781510303638612,24,11.906964450412374
2023-11-26,30.002332221137124,19.71160108778207,25.009398100111223,24,10.290731133355052
2023-11-27,31.920191446940123,19.00627170138893,25.428128970110873,24,12.913919745551194
2023-11-28,29.012108696831604,19.831049262152817,23.831885034066676,24,9.181059434678787
2023-11-29,27.448878987630167,14.622147284613732,21.586130622581205,24,12.826731703016435
2023-11-30,24.59327155219188,13.063565402560757,18.597826159441926,24,11.529706149631123
2023-12-01,27.44458618164066,12.29957885742192,20.484238518608958,24,15.145007324218739
2023-12-02,30.123887125651095,14.934496392144126,23.16457265218101,24,15.189390733506968
2023-12-03,30.62957797580293,16.972581651475707,23.980643858733014,24,13.656996324327224
2023-12-04,31.20689493815104,15.92121819390195,24.82953782258211,24,15.285676744249091
2023-12-05,31.65480041503912,18.36137797037765,25.263662408899393,24,13.29342244466147
2023-12-06,26.640761650933143,16.810930718315944,21.210397268224657,24,9.829830932617199
2023-12-07,23.93695373535155,15.205908203125034,19.390588520191347,24,8.731045532226517
2023-12-08,29.424595811631946,14.912021891276028,22.680134285820866,24,14.512573920355917
2023-12-09,31.54864400227865,17.217442491319503,24.396915902031807,24,14.331201510959147
2023-12-10,20.576702880859383,14.489008924696236,17.475461182770918,24,6.087693956163147
2023-12-11,22.032309638129338,14.148539903428798,16.814600499471034,24,7.8837697347005395
2023-12-12,25.80589667426216,14.255495537651882,19.607721512405973,24,11.55040113661028
2023-12-13,25.194029744466206,13.779827202691024,19.78710188689056,24,11.414202541775182
2023-12-14,27.036886935763903,14.121255493164083,20.618247010972777,24,12.91563144259982
2023-12-15,26.196433173285584,16.679847886827304,20.61252269038449,24,9.51658528645828
2023-12-16,24.48017645941843,15.930007934570312,20.15163540310331,24,8.550168524848118
2023-12-17,26.518776109483497,16.61357794867621,21.589200238828322,24,9.905198160807288
2023-12-18,28.21076185438369,16.598300170898483,22.29803913257741,24,11.612461683485208
2023-12-19,27.967184448242165,16.41661682128904,21.855458351417838,24,11.550567626953125
2023-12-20,26.471049329969617,16.966152615017336,21.35111644886159,24,9.504896714952281
2023-12-21,29.469089423285595,17.350329250759557,23.80225047358761,24,12.118760172526038
2023-12-22,28.206864420572913,17.811245727539074,22.842323769463434,24,10.395618693033839
2023-12-23,29.433693101671057,16.37575378417972,23.158646421079293,24,13.057939317491336
2023-12-24,29.366491699218727,18.86732042100698,23.731434560705125,24,10.499171278211747
2023-12-25,21.154459974500867,14.942577107747413,18.253489374231425,24,6.211882866753454
2023-12-26,23.31424153645833,11.933146837022605,17.46145265367298,24,11.381094699435724
2023-12-27,18.512737698025205,11.37910020616323,14.744498372960992,24,7.133637491861975
2023-12-28,22.349451700846373,11.014347330729208,17.320851884064872,24,11.335104370117165
2023-12-29,21.478053453233542,13.9836581759983,17.29032968591762,24,7.494395277235242
2023-12-30,22.47162577311201,12.707278442382858,17.903057451601402,24,9.764347330729152
2023-12-31,25.4423817952474,14.040582275390648,19.287552487408686,24,11.401799519856752
2024-01-01,26.5072052001953,13.333196004231809,20.342763929013874,24,13.174009195963492
2024-01-02,23.486681450737876,15.409022013346371,19.691926051952233,24,8.077659437391505
2024-01-03,24.812403361002623,14.722066921657984,19.205057695176883,24,10.09033643934464
2024-01-04,24.92700127495664,13.598112318250855,19.895331813670982,24,11.328888956705786
2024-01-05,24.17890285915803,15.717113918728272,19.498202076664686,24,8.461788940429757
2024-01-06,26.711784871419297,13.912312147352452,20.610886877554446,24,12.799472724066845
2024-01-07,27.80817328559033,15.714254082573802,21.434245512220603,24,12.093919203016526
2024-01-08,25.539701673719605,15.817529975043383,20.52035602993436,24,9.722171698676222
2024-01-09,22.389548407660584,16.14690992567273,18.93146856802483,24,6.2426384819878535
2024-01-10,23.47099168565535,16.564975653754345,19.38618394357188,24,6.906016031901004
2024-01-11,24.792039404022603,16.414048258463538,20.096273042993968,24,8.377991145559065
2024-01-12,24.75596059734903,16.200013818633693,20.661913172404017,24,8.555946778715338
2024-01-13,26.165858476617416,16.05189040966252,21.062468308009503,24,10.113968066954897
2024-01-14,26.293066886301855,15.640918928853637,21.158926957376927,24,10.652147957448218
2024-01-15,27.484482737337657,17.120932658334823,22.340799007344383,24,10.363550079002835
2024-01-16,27.598946457766488,17.36936666081465,22.010116567147406,24,10.229579796951839
2024-01-17,23.601174240969613,15.916908075568417,19.979858074116837,24,7.684266165401196
2024-01-18,20.13952660721344,12.122626383920815,15.834490033839122,24,8.016900223292625
2024-01-19,21.67865357131103,9.402228606149096,15.819324347678238,24,12.276424965161935
2024-01-20,22.713889372750657,9.791541521736749,16.91341513444426,24,12.922347851013908
2024-01-21,24.808364422401723,12.147005814113015,19.64141963287243,24,12.661358608288708
2024-01-22,26.61941363731131,14.212728161758264,21.09117352632106,24,12.406685475553047
2024-01-23,24.960101764121816,15.36115314612232,20.041302031613508,24,9.598948617999497
2024-01-24,24.57586556766813,14.683501065715006,19.799184081974143,24,9.892364501953125
2024-01-25,26.776741867922738,14.256948989696753,20.93742103148046,24,12.519792878225985
2024-01-26,28.93402466506103,16.204565395398163,22.49900815442264,24,12.729459269662868
2024-01-27,25.573964905470973,16.64233765334228,20.6281466509073,24,8.931627252128692
2024-01-28,26.10290551346344,15.244720699010315,20.293924278802237,24,10.858184814453125
2024-01-29,26.173752071080628,15.13876726814874,20.47039501747393,24,11.034984802931888
2024-01-30,26.497364412800664,17.005240862557116,21.550287772475162,24,9.492123550243548
2024-01-31,23.213769531250023,14.768311301242136,19.15479737613983,24,8.445458230007887
2024-02-01,25.117779918199233,13.59842234407921,19.276287904660844,24,11.519357574120022
2024-02-02,24.88400515438468,13.434333098336596,19.65796512503753,24,11.449672056048085
2024-02-03,25.737695312500023,14.688886561018704,19.784524757585313,24,11.04880875148132
2024-02-04,25.34754744969058,14.911938167957828,20.101694747124764,24,10.435609281732752
2024-02-05,27.456922621137664,14.789497358343624,20.65035165365273,24,12.66742526279404
2024-02-06,29.205414744173595,14.100960446475597,21.960987002483517,24,15.104454297697998
2024-02-07,30.466269058056128,13.871224632691847,22.92385987556833,24,16.59504442536428
2024-02-08,30.957007830330497,18.345145819160393,24.265819103798208,24,12.611862011170103
2024-02-09,28.46631106258781,17.612436427427156,21.54294303008237,24,10.853874635160654
2024-02-10,28.55066284865478,15.999408576193844,22.108413207664956,24,12.551254272460938
2024-02-11,23.447089274545817,15.718276874670837,19.208627390772264,24,7.728812399874981
2024-02-12,24.15809261021991,15.697154424431687,19.463798584384463,24,8.460938185788223
2024-02-13,28.21737266283361,14.586207597711166,21.815984230184416,24,13.631165065122445
2024-02-14,29.313052471032336,14.915622565451711,22.760522768113535,24,14.397429905580625
2024-02-15,28.944010770990644,16.80190292529852,23.107490250948256,24,12.142107845692124
2024-02-16,29.73417721866224,17.381493283389716,23.57870439536566,24,12.352683935272523
2024-02-17,30.91889171814654,15.158520713549024,23.75594935327884,24,15.760371004597516
2024-02-18,29.73398982701684,18.52545464333525,23.184153400378317,24,11.208535183681587
2024-02-19,25.175484029362735,17.58554769794597,20.943734284018785,24,7.589936331416766
2024-02-20,26.58193427953836,16.29007924969278,21.10413227438485,24,10.291855029845578
2024-02-21,29.026436006353208,16.34357913585194,22.841266636366296,24,12.682856870501269
2024-02-22,27.17243450036216,17.075838479031404,22.156149864911185,24,10.096596021330758
2024-02-23,28.023140965151015,16.255329157797178,22.077042351769183,24,11.767811807353837
2024-02-24,27.997674560546955,17.57812626870833,21.455019237218323,24,10.419548291838623
2024-02-25,27.682537190298092,17.236212123913788,22.717527079492957,24,10.446325066384304
2024-02-26,28.791690680686088,17.055686933538937,22.337920396783435,24,11.736003747147151
2024-02-27,22.217614746093773,15.57245857153049,18.45931507210611,24,6.645156174563283
2024-02-28,22.419501898261956,14.859649040993702,18.062783577736884,24,7.559852857268254
2024-02-29,23.169591907972688,12.940980615508693,18.11761940802531,24,10.228611292463995
2024-03-01,24.39352252403006,12.519288892424528,19.074229255419144,24,11.874233631605533
2024-03-02,26.83571057266073,14.483497088143054,20.936059384578222,24,12.352213484517677
2024-03-03,26.949796766645477,13.939623097623382,21.03326906497117,24,13.010173669022095
2024-03-04,28.171338096361524,16.5302225862996,22.150647192680026,24,11.641115510061923
2024-03-05,29.298802133624463,17.964835932013727,23.38074216664064,24,11.333966201610735
2024-03-06,31.87443772219541,14.764515463154057,23.83904716120235,24,17.109922259041355
2024-03-07,30.015137816011247,18.27222286610123,23.1103738620487,24,11.742914949910016
2024-03-08,29.422887120621965,17.24216082283624,23.2083641195119,24,12.180726297785725
2024-03-09,29.27568815424206,17.036872160836595,23.71640470840516,24,12.238815993405467
2024-03-10,29.559338241748605,17.35740068414242,22.924438559428623,24,12.201937557606186
2024-03-11,29.56707016162665,17.669895026389213,22.81576447790486,24,11.897175135237436
2024-03-12,29.18046988155072,13.203468477056331,22.0838813967473,24,15.97700140449439
2024-03-13,30.514878759491353,16.1497040480711,23.731362286399847,24,14.365174711420252
2024-03-14,31.09532669581722,15.884866333007835,23.1479021822469,24,15.210460362809386
2024-03-15,26.592720700381903,16.661264895321324,20.87046942264404,24,9.93145580506058
2024-03-16,31.323536973588944,15.745422088965997,23.270739763238495,24,15.578114884622947
2024-03-17,31.69787038738815,15.503379461738575,24.31056859591484,24,16.194490925649575
2024-03-18,28.49860671825627,15.88602137190577,21.174526911817726,24,12.6125853463505
2024-03-19,29.904944327708108,17.1954788722349,23.282716212469136,24,12.709465455473207
2024-03-20,29.978161655383246,15.974803864554133,22.68319821875644,24,14.003357790829114
2024-03-21,23.943076213022323,16.35217377737672,19.112339416961145,24,7.590902435645603
2024-03-22,22.95450384590066,15.335750348380486,18.357200884015416,24,7.618753497520174
2024-03-23,22.324325972996405,13.702524660946324,17.55932792635003,24,8.621801312050081
2024-03-24,23.661988059054636,13.69147472595904,17.727905949224734,24,9.970513333095596
2024-03-25,22.416221772954714,14.10286128011984,17.688199451175112,24,8.313360492834875
2024-03-26,22.11353283142779,12.66574343563468,17.506304434444168,24,9.44778939579311
2024-03-27,23.196885766875937,12.993770882252932,18.50927364049337,24,10.203114884623005
2024-03-28,20.58749173625131,13.227220410979273,17.12712294046355,24,7.360271325272036
2024-03-29,24.37150940627197,12.019694536187728,18.088338134708525,24,12.35181487008424
2024-03-30,22.297605433089014,13.427511733837378,17.600718906131164,24,8.870093699251637
2024-03-31,22.82025033329319,13.11662865113675,17.695398392123725,24,9.703621682156438
2024-04-01,22.147954087846756,12.035438520452942,17.74787529648916,24,10.112515567393814
2024-04-02,24.073878153254498,13.316066339042775,18.959881547506416,24,10.757811814211722
2024-04-03,23.731144662921334,13.798502444149449,17.87473401130366,24,9.932642218771885
2024-04-04,21.29623248496756,14.774379327324027,17.218811325187584,24,6.521853157643534
2024-04-05,22.332471080308608,13.475670186589356,17.30845868971468,24,8.856800893719251
2024-04-06,21.573489311304,12.86347008180087,16.863408625170578,24,8.710019229503132
2024-04-07,19.28099838428284,13.30230874050875,15.702159728718193,24,5.978689643774089
2024-04-08,16.26679210877154,13.44104850854768,14.544475409689957,24,2.825743600223859
2024-04-09,20.50697196360386,9.492449025357756,14.918198843395253,24,11.014522938246104
2024-04-10,19.76125642583617,8.329203813531421,13.350425074430929,24,11.432052612304748
2024-04-11,19.55738048767779,6.73807626788539,13.553536387239982,24,12.8193042197924
2024-04-12,16.50241884381586,9.905972152881477,12.807297743036548,24,6.596446690934384
2024-04-13,17.521285393532764,9.666743829277152,13.221707709094602,24,7.854541564255612
2024-04-14,19.40364664484946,7.382458530383246,13.792476286870304,24,12.021188114466213
2024-04-15,17.394177451830274,9.17070168484463,12.853790166047661,24,8.223475766985644
2024-04-16,18.945491216423875,9.557394546337378,13.7565381882343,24,9.388096670086497
2024-04-17,18.71512156282921,9.330372053853637,13.650603823715421,24,9.384749508975574
2024-04-18,19.95371038886941,10.401162376832474,15.238222519378132,24,9.552548012036937
2024-04-19,22.292372182781833,9.274473966105631,16.187372983439626,24,13.017898216676201
2024-04-20,24.29721350509135,9.570286337177436,17.27497268419591,24,14.726927167913914
2024-04-21,25.85266617335634,12.255888589580422,18.86448543420003,24,13.596777583775918
2024-04-22,25.577688221449307,13.612438484791994,19.119202321656232,24,11.965249736657313
2024-04-23,25.965217916081485,12.44372788332828,19.109252241041812,24,13.521490032753205
2024-04-24,26.06471739351082,14.16202303425655,19.21421291479907,24,11.90269435925427
2024-04-25,25.980026313696044,14.827349442042705,20.08767409878281,24,11.15267687165334
2024-04-26,22.41528069999788,11.156258469485238,17.223362823372074,24,11.259022230512642
2024-04-27,19.536491034004143,10.962438759107272,15.058754985966523,24,8.574052274896871
2024-04-28,19.074846143401142,9.51770112112672,13.627276728483672,24,9.557145022274423
2024-04-29,20.39497245188511,7.0854124262092455,13.59040782228395,24,13.309560025675864
2024-04-30,23.63023126152126,8.494569654143277,16.018274925889184,24,15.135661607377983
2024-05-01,24.856144662921395,11.946414801779838,18.235522142331735,24,12.909729861141557
2024-05-02,25.037562921074027,11.24661227451287,18.413254717137523,24,13.790950646561157
2024-05-03,23.97030920821635,8.90634847919597,16.41392579668029,24,15.06396072902038
2024-05-04,22.556041657522883,8.793042712265219,15.408206872547204,24,13.762998945257664
2024-05-05,23.51214966506103,10.203795598062245,16.96005388038439,24,13.308354066998787
2024-05-06,23.683915624725728,11.16686864274277,17.021546671720966,24,12.517046981982958
2024-05-07,24.188002579935528,7.425345671578782,16.35694224182591,24,16.762656908356746
2024-05-08,24.929632362622954,11.20147729080719,18.058620678619537,24,13.728155071815763
2024-05-09,24.328194333194403,8.374926689233689,16.104278511590312,24,15.953267643960714
2024-05-10,24.063809238391,11.615849938553424,16.982658090484318,24,12.447959299837574
2024-05-11,25.783951902925367,9.88510515877374,18.009526839238465,24,15.898846744151626
2024-05-12,24.886283000131755,9.25082644344718,17.867774253302336,24,15.635456556684575
2024-05-13,21.627589433648662,11.163286942042646,15.95941930477989,24,10.464302491606016
2024-05-14,20.262283050880058,9.132941325327067,13.696943851713874,24,11.12934172555299
2024-05-15,21.99948984210414,9.349526806092058,15.27520290903388,24,12.649963036012082
2024-05-16,23.423107772998605,10.07619474603888,15.914513195766519,24,13.346913026959726
2024-05-17,24.48420585032261,9.389531922072592,16.270574523982962,24,15.094673928250018
2024-05-18,23.34314126004,9.83164864872282,16.39640947834833,24,13.511492611317179
2024-05-19,22.57521321157401,10.137909689913954,15.827888050150825,24,12.437303521660056
2024-05-20,23.006573520617565,9.31024228213886,16.15520070536757,24,13.696331238478704
2024-05-21,23.7290612381496,10.575376086288712,16.35803100214474,24,13.15368515186089
2024-05-22,22.371738288107903,7.030576624495325,14.142158362570816,24,15.341161663612578
2024-05-23,20.10966721438291,5.189857465765499,12.41839479310687,24,14.91980974861741
2024-05-24,21.412389930982272,5.908656328179916,14.020474698927567,24,15.503733602802356
2024-05-25,20.255943966983462,6.015948417749314,12.904219763823697,24,14.239995549234148
2024-05-26,21.06486569522474,5.596751592400381,13.281672614165487,24,15.468114102824359
2024-05-27,20.63593942020719,7.020687214712098,13.607819986522022,24,13.615252205495093
2024-05-28,20.06085983447815,5.698006173466126,12.388327563568048,24,14.362853661012025
2024-05-29,19.645078234726157,5.637868371170612,12.437309919493073,24,14.007209863555545
2024-05-30,18.90441318469101,5.510033493899243,12.132654715834526,24,13.394379690791766
2024-05-31,19.822535208369914,6.431326602550087,12.955377733037755,24,13.391208605819827
2024-06-01,20.172799168276015,6.795621619063866,13.423775059275009,24,13.37717754921215
2024-06-02,20.633244958084617,8.850162531820615,13.176919969994513,24,11.783082426264002
2024-06-03,13.50841554791748,2.0809153696124554,9.054766319932154,24,11.427500178305024
2024-06-04,13.095209083128507,-0.409466621313129,6.026322622692139,24,13.504675704441636
2024-06-05,16.501371130782616,0.1603994305214655,8.156810043277853,24,16.34097170026115
2024-06-06,19.831231860900232,3.364973844035319,11.108853455161373,24,16.466258016864913
2024-06-07,12.539394318655695,2.562328621510744,6.998228170273492,24,9.977065697144951
2024-06-08,14.819661069719984,3.695564252874874,8.457565954829908,24,11.12409681684511
2024-06-09,14.607114881879852,1.1148313715217455,7.632404410258701,24,13.492283510358106
2024-06-10,15.289091714580422,1.4422162345287006,7.547229949722613,24,13.846875480051722
2024-06-11,15.297611605183477,0.3170955357927028,7.159147766913416,24,14.980516069390774
2024-06-12,16.610385749045406,1.4336999443140712,8.547151962737502,24,15.176685804731335
2024-06-13,18.367362958929505,2.856643745336669,10.37596084366134,24,15.510719213592836
2024-06-14,18.606488585740067,3.1145313391525633,11.129208172573174,24,15.491957246587504
2024-06-15,18.982946743054356,4.9120166907150065,11.765902577089493,24,14.07093005233935
2024-06-16,18.472921204299094,1.6532053400961786,9.95181588447946,24,16.819715864202916
2024-06-17,17.13717006726216,2.0705675103691306,9.524227918132006,24,15.06660255689303
2024-06-18,19.4060026704596,5.5979776103845325,11.402586037567985,24,13.808025060075067
2024-06-19,20.13375827060662,4.56987400697858,11.651995352412916,24,15.56388426362804
2024-06-20,19.66149154834534,2.8990894103318396,11.413654581705773,24,16.7624021380135
2024-06-21,17.642299249199027,5.070184497618982,10.511101516266484,24,12.572114751580045
2024-06-22,20.151904571190357,5.967555253961109,12.074472895990189,24,14.184349317229248
2024-06-23,18.622696848665782,6.007208732004926,11.144554363922273,24,12.615488116660856
2024-06-24,17.66102606955542,3.850497710838795,10.674533491098964,24,13.810528358716624
2024-06-25,17.03705303749348,6.79412934378297,11.06012875560522,24,10.242923693710509
2024-06-26,17.405170809285096,4.35492687439654,10.408697389752712,24,13.050243934888556
2024-06-27,16.547581601946547,6.379042790445112,10.9718482313978,24,10.168538811501435
2024-06-28,16.58311040642559,3.979568550024169,10.21064900173234,24,12.60354185640142
2024-06-29,14.468164748288302,6.397917055280061,10.131446399760193,24,8.070247693008241
2024-06-30,17.783669872498308,4.822475030449027,11.487496205304938,24,12.96119484204928
2024-07-01,18.98462280959228,6.277789580955982,12.324391680085297,24,12.706833228636299
2024-07-02,18.45766412970727,5.990217984660319,11.791997813821327,24,12.46744614504695
2024-07-03,19.820245875669343,7.120230582590921,12.94733040055982,24,12.700015293078422
2024-07-04,15.050384418616204,3.067555013935248,8.997623976518192,24,11.982829404680956
2024-07-05,17.09849400895365,-1.04466377858364,7.6537766588761444,24,18.14315778753729
2024-07-06,15.3278252076567,-0.9483264708786692,6.692071676075725,24,16.27615167853537
2024-07-07,18.149112384238947,0.4356108933352516,9.883357377355948,24,17.713501490903695
2024-07-08,9.016725415862084,-0.346443879202468,4.858328362797124,24,9.363169295064552
2024-07-09,13.576434429040148,-2.936593147877886,4.748419562350534,24,16.513027576918034
2024-07-10,20.033985163656553,0.5270407001624449,9.766590601317489,24,19.506944463494108
2024-07-11,21.53570340617324,4.109106753917274,12.066296456726347,24,17.426596652255967
2024-07-12,21.411917765756755,5.817110966028849,12.59151218428598,24,15.594806799727905
2024-07-13,21.3701649183638,6.9094996763079735,13.324777093094426,24,14.460665242055825
2024-07-14,21.863596095395906,4.71604257647914,12.327582645773477,24,17.147553518916766
2024-07-15,17.520857804544903,0.5721405372191839,8.745065943400107,24,16.94871726732572
2024-07-16,19.966188306487027,1.7835145414546218,10.493109610911212,24,18.182673765032405
2024-07-17,21.401038077708108,3.92710214679164,12.339257269584325,24,17.47393593091647
2024-07-18,22.84079569270108,7.8744430370545615,14.433596626024615,24,14.966352655646517
2024-07-19,22.356957150577216,4.86033208611309,13.128518448161769,24,17.496625064464126
2024-07-20,20.159304055203226,4.211732225739638,11.395743485068598,24,15.947571829463588
2024-07-21,19.517207525017625,0.6768614351080373,9.81275843931053,24,18.840346089909588
2024-07-22,20.791143593091704,4.215968168451582,12.610008251175946,24,16.575175424640122
2024-07-23,22.049529240640368,7.036802381879909,13.979006653689305,24,15.012726858760459
2024-07-24,20.697356731972036,4.704259533828576,11.80595533392406,24,15.99309719814346
2024-07-25,19.3711683980535,4.003648805082548,11.188996208562417,24,15.36751959297095
2024-07-26,19.319926984122674,0.764113419779278,10.655498423201353,24,18.555813564343396
2024-07-27,20.773798978998457,4.065129209368479,12.592893026116235,24,16.708669769629978
2024-07-28,17.78143060234163,1.5166268337978863,9.106695300898794,24,16.264803768543743
2024-07-29,17.267807761203073,-0.3355141286099297,8.651800167069503,24,17.603321889813003
2024-07-30,18.62699296929867,1.986534615848882,10.816571757855982,24,16.640458353449787
2024-07-31,20.26606654477928,2.7410267004806315,12.214209028665534,24,17.52503984429865
2024-08-01,19.75353016371139,6.674320418111449,12.484611672676499,24,13.07920974559994
2024-08-02,20.19716591138524,7.59586675408184,13.106234222583595,24,12.601299157303401
2024-08-03,22.349914276465995,9.25461439497019,15.504498653911966,24,13.095299881495805
2024-08-04,23.104642272263447,11.318772288118907,16.574025261982595,24,11.78586998414454
2024-08-05,17.18155531293894,4.001387761148237,10.861753053700918,24,13.180167551790703
2024-08-06,20.003471871708257,0.038405411966778,10.778415527058046,24,19.96506645974148
2024-08-07,20.972868398602145,5.678766040587732,12.930652908439539,24,15.294102358014413
2024-08-08,23.89681842246756,6.9926600766985985,15.602819639913193,24,16.904158345768963
2024-08-09,23.127602977967054,11.015255771594129,16.37389704957887,24,12.112347206372926
2024-08-10,25.01875209165428,6.744944265987158,15.70897824290991,24,18.273807825667124
2024-08-11,26.41887611646337,6.945307253719761,16.46087439747789,24,19.47356886274361
2024-08-12,21.088203070136956,5.666534492406981,13.483302781465833,24,15.421668577729974
2024-08-13,22.851061428798744,4.364774622542143,14.991056353679795,24,18.4862868062566
2024-08-14,19.352431290873028,5.322356389077925,12.996327436640064,24,14.030074901795103
2024-08-15,21.635269405064943,4.11604178782261,12.661788094624187,24,17.519227617242333
2024-08-16,22.45644805565314,3.21481535836557,13.353458501694396,24,19.24163269728757
2024-08-17,23.48410349642296,7.797266482235386,15.185097202201055,24,15.686837014187574
2024-08-18,24.868789055642196,9.914538505639996,17.068637659308653,24,14.9542505500022
2024-08-19,25.973161744535673,10.597607627611524,17.84045256996873,24,15.37555411692415
2024-08-20,24.858559494875863,7.2051817476079805,15.947361368186504,24,17.653377747267882
2024-08-21,25.450649887256414,9.010062982795034,16.557629307379027,24,16.44058690446138
2024-08-22,25.579101459631772,7.308644566911028,16.272190719775974,24,18.270456892720745
2024-08-23,19.86685924744336,8.580659742033959,13.261130197932246,24,11.286199505409403
2024-08-24,21.364893263913302,5.951903851112661,13.50819418117799,24,15.412989412800641
2024-08-25,24.48206550512424,7.094186229920126,16.242806149600636,24,17.387879275204114
2024-08-26,26.062900226035826,10.029569030076004,17.72818303626133,24,16.03333119595982
2024-08-27,26.98105585334008,8.41877856308156,18.032259691788493,24,18.56227729025852
2024-08-28,24.472241416674024,7.693810520815077,15.757805624972619,24,16.778430895858946
2024-08-29,23.410555275906404,3.5469640496071975,13.370471837190252,24,19.863591226299206
2024-08-30,16.174255268225522,6.807703493954136,11.132142381989581,24,9.366551774271386
2024-08-31,18.896824080220824,5.882429898722819,11.836389717359259,24,13.014394181498005
2024-09-01,23.34427469660733,4.758991095725094,14.474457770072606,24,18.585283600882235
2024-09-02,25.392163291674024,10.633116372783604,17.389065143142346,24,14.75904691889042
2024-09-03,25.334119886762664,8.648354416750806,17.20146806124002,24,16.68576547001186
2024-09-04,25.583320257636956,8.703132269355706,16.866281963734185,24,16.88018798828125
2024-09-05,24.63083338362452,7.84032472760498,16.420404838533475,24,16.79050865601954
2024-09-06,26.617703795700947,11.146729955780415,18.733751908491648,24,15.470973839920532
2024-09-07,25.282922363281273,10.77136185892516,17.97324331047835,24,14.511560504356114
2024-09-08,27.240348627326227,11.417403900489433,19.814329251635872,24,15.822944726836795
2024-09-09,27.87025458518042,11.19586857142076,19.809456640236423,24,16.67438601375966
2024-09-10,22.836388645815077,8.818918018126794,15.224723384442889,24,14.017470627688283
2024-09-11,23.275315771210103,9.161091733782484,16.427829089504087,24,14.114224037427618
2024-09-12,27.686473272087937,12.844587073165371,20.573920836430847,24,14.841886198922566
2024-09-13,29.273993228526592,14.71790946360386,22.598619486776673,24,14.556083764922732
2024-09-14,29.937002700634196,16.912920216764007,23.698271437798592,24,13.024082483870188
2024-09-15,29.827711023909387,17.101127435919977,22.782492152581995,24,12.72658358798941
2024-09-16,27.837920696815782,14.774843091643334,20.89106102275495,24,13.063077605172449
2024-09-17,25.468059308341424,13.723294787460532,19.065568692496704,24,11.744764520880892
2024-09-18,26.711959564551876,10.941201439332474,18.607252325279475,24,15.770758125219402
2024-09-19,25.353517408049527,9.626817578947964,17.271399112944337,24,15.726699829101562
2024-09-20,15.967835569917495,6.560794684592281,10.583809053228174,24,9.407040885325214
2024-09-21,7.3274845423324,5.17215761334711,5.926377282874903,24,2.15532692898529
2024-09-22,17.453541342060248,4.951187888156198,10.881402666470565,24,12.50235345390405
2024-09-23,18.925480771868425,5.360196300035113,12.238018468792568,24,13.565284471833312
2024-09-24,23.15734304363815,7.681566799892494,15.86895283045398,24,15.475776243745656
2024-09-25,27.06289576841209,10.866634480337098,19.519091099656965,24,16.196261288074993
2024-09-26,28.36387744003474,11.647164745545126,20.346487871091508,24,16.716712694489615
2024-09-27,27.094705543089503,8.44818310684036,18.285106263178605,24,18.646522436249143
2024-09-28,28.946791813882612,11.253380318973882,19.921314779560255,24,17.69341149490873
2024-09-29,28.85034443715989,11.37677197402786,20.757876211159278,24,17.47357246313203
2024-09-30,19.257755991046395,5.550424365783044,11.898519334543105,24,13.70733162526335
2024-10-01,18.753691838296675,2.487197087320112,10.47906704591905,24,16.266494750976562
2024-10-02,21.450471925199736,4.603470602999948,13.272796242246061,24,16.847001322199787
2024-10-03,22.21052883876848,6.875605791070484,14.361913063820866,24,15.334923047697995
2024-10-04,22.724538635939723,6.282309954353934,14.307324238752194,24,16.44222868158579
2024-10-05,24.22357270315797,5.8968151649733045,15.683352756857472,24,18.326757538184665
2024-10-06,25.137597656250023,7.6280041641064145,17.05987159214666,24,17.50959349214361
2024-10-07,26.921898213933105,10.229283947891076,19.55923013722856,24,16.69261426604203
2024-10-08,25.940142753686818,11.923550620775586,18.84688704987148,24,14.016592132911232
2024-10-09,26.744059942009756,11.735718870698747,18.889557867728858,24,15.008341071311008
2024-10-10,28.41766518582125,12.52761573362892,20.892959620443662,24,15.89004945219233
2024-10-11,30.33071940561365,14.571450805664142,22.840342465232865,24,15.759268599949507
2024-10-12,32.94449990947601,13.429966512958686,24.2013597138366,24,19.514533396517322
2024-10-13,31.304520750581617,16.546692991792497,24.096476405568822,24,14.75782775878912
2024-10-14,31.168057799607254,16.578343663590715,23.94039415223772,24,14.58971413601654
2024-10-15,24.756095354744616,11.977200180225225,17.70114727663194,24,12.778895174519391
2024-10-16,17.84029986778006,10.605640437094053,14.211376130179111,24,7.234659430686008
2024-10-17,23.670830270145757,9.939036577203352,17.209692448533918,24,13.731793692942405
2024-10-18,27.30470317026203,13.663153213329563,20.15030348417022,24,13.641549956932467
2024-10-19,27.342425811424675,9.936059055971327,19.233595405892974,24,17.406366755453348
2024-10-20,28.168921549936385,11.76254073582345,19.396076478136653,24,16.406380814112936
2024-10-21,22.15469435788276,13.170621961958034,17.283948531132996,24,8.984072395924727
2024-10-22,23.362889219134104,11.882273538996742,17.21884296431528,24,11.480615680137362
2024-10-23,24.72475225898654,7.544713121049938,16.843970906689854,24,17.180039137936603
2024-10-24,26.683711431267568,9.971769080001309,18.982977074898177,24,16.71194235126626
2024-10-25,29.482520525643057,15.161310671688511,22.104213697454938,24,14.321209853954546
2024-10-26,30.029617035255,15.04795175616664,22.21847986799951,24,14.98166527908836
2024-10-27,30.434063069204285,13.793661293287016,21.75690445632082,24,16.64040177591727
2024-10-28,26.310105810272603,9.942773951841277,18.13517573067315,24,16.367331858431328
2024-10-29,22.71909776323298,10.709348082810322,16.224085072721028,24,12.009749680422658
2024-10-30,25.833456558056128,9.933362193589858,18.09967568643981,24,15.90009436446627
2024-10-31,25.98839910271471,11.969279668572256,19.27973255486081,24,14.019119434142453
2024-11-01,28.91878079189348,12.703255882691792,21.409355960803122,24,16.215524909201687
2024-11-02,31.522157544768277,16.693956765164216,24.426147593809016,24,14.82820077960406
2024-11-03,33.590866671787296,18.12000975876714,25.94002096197583,24,15.470856913020157
2024-11-04,32.80336622602488,19.937577391206617,26.080240175340105,24,12.865788834818261
2024-11-05,28.843610682112455,12.960653480787016,21.03229465270314,24,15.88295720132544
2024-11-06,29.716769683495045,10.736652399984678,20.86026788632972,24,18.980117283510367
2024-11-07,26.922534968343996,13.528484455923037,19.265604852112084,24,13.394050512420959
2024-11-08,26.327962879652432,13.775606545437595,19.689169834437042,24,12.552356334214837
2024-11-09,22.07309172555307,15.288880834686664,18.199447500393223,24,6.784210890866406
2024-11-10,25.0944936345133,15.14495462139007,18.98132160343931,24,9.949539013123228
2024-11-11,22.21434079288099,13.959286190418766,17.80014095663582,24,8.255054602462224
2024-11-12,20.834439121203506,12.945845426066567,16.024556710746893,24,7.888593695136938
2024-11-13,24.016602316867193,13.119562796260595,18.420497248503196,24,10.897039520606597
2024-11-14,21.972344284914925,12.999779759096327,17.2260166096777,24,8.972564525818598
2024-11-15,24.044179749220973,11.17703151059959,17.783540465679994,24,12.867148238621382
2024-11-16,27.40598278259972,12.595495228285245,20.12991246998537,24,14.810487554314477
2024-11-17,29.004615595099665,13.265478481335606,21.307178794489417,24,15.739137113764059
2024-11-18,29.042974647779147,15.667853606149096,22.109840911693826,24,13.37512104163005
2024-11-19,28.73816010550172,14.932443408751794,22.071354788162335,24,13.805716696749926
2024-11-20,28.764988828509104,15.876508802778346,22.440059451842615,24,12.888480025730757
2024-11-21,27.74159864789988,15.237248007099367,21.84438681584623,24,12.504350640800514
2024-11-22,28.210556441746466,15.862495062324456,20.977513078268142,24,12.34806137942201
2024-11-23,30.677759646297886,15.672431928656067,23.672057659706425,24,15.00532771764182
2024-11-24,29.28629815605251,17.272678572408267,23.02869672168065,24,12.013619583644243
2024-11-25,30.036917937203786,17.006240570411308,23.024096661114115,24,13.030677366792478
2024-11-26,30.148885045426653,15.945802907193697,23.839797284987124,24,14.203082138232956
2024-11-27,27.55700296123382,14.323319235812448,22.016733573885038,24,13.233683725421372
2024-11-28,24.246672109539645,10.53932145365178,17.645249453198197,24,13.707350655887865
2024-11-29,25.301392698823804,8.852877224697181,17.764789006951194,24,16.448515474126623
2024-11-30,27.229230456405844,9.879710919669549,19.747832520445684,24,17.349519536736295
2024-12-01,29.22784962171926,14.457976163371256,22.55925323972099,24,14.769873458348002
2024-12-02,31.556640350684745,16.635973366726716,24.277948062339572,24,14.920666983958029
2024-12-03,33.04390440522957,15.918523964185454,24.766722401251105,24,17.125380441044115
2024-12-04,34.13256414177715,17.005668451544977,25.94459604841943,24,17.126895690232175
2024-12-05,31.789908488413005,17.105910809120473,24.362822076176027,24,14.683997679292531
2024-12-06,33.36042758213006,17.303060364455348,25.704985769321894,24,16.05736721767471
2024-12-07,33.86255061117453,15.586324696058623,25.65361702022484,24,18.2762259151159
2024-12-08,31.77071327466643,17.314508056640705,23.785299376869958,24,14.456205218025726
2024-12-09,30.11029728235826,18.180625041147323,23.795480503839542,24,11.929672241210938
2024-12-10,33.44249020694349,17.584435520815077,24.758287491244815,24,15.858054686128412
2024-12-11,32.13201293945315,19.16031404988155,25.091991721735496,24,12.971698889571599
2024-12-12,33.44999581669157,19.3107849121094,26.197169461768258,24,14.139210904582168
2024-12-13,33.56121438701507,18.55074702916528,26.396659090992262,24,15.010467357849791
2024-12-14,33.063602473226865,17.061496588889156,24.246490339929284,24,16.00210588433771
2024-12-15,30.27955565720464,15.83850601710634,23.251462104883135,24,14.4410496400983
2024-12-16,30.229727824350505,17.737550611174527,23.958139581001692,24,12.492177213175978
2024-12-17,30.818628958369914,18.464320390679916,23.597091829107086,24,12.354308567689998
2024-12-18,28.95022246971564,18.184952365146614,21.924897630384393,24,10.765270104569026
2024-12-19,22.4847255063861,16.548697550912948,19.457920414499615,24,5.9360279554731505
2024-12-20,24.455493609824885,16.057795561029707,19.409801165977253,24,8.397698048795178
2024-12-21,23.476083545470544,16.60927220033801,19.43074038930604,24,6.8668113451325326
2024-12-22,19.77123395941237,16.65412292480471,17.99599684383096,24,3.1171110346076603
2024-12-23,20.122486140219053,15.30023697413759,17.524500140358043,24,4.822249166081463
2024-12-24,25.189124872443415,13.896326712276164,19.423501408323407,24,11.292798160167251
2024-12-25,21.30370637700804,15.002553086870194,18.222983418153966,24,6.301153290137847
2024-12-26,24.12758274721301,13.508751755617991,19.057956442672257,24,10.61883099159502
2024-12-27,24.88904689831685,14.682728868120194,19.572394693210377,24,10.206318030196655
2024-12-28,25.448930958951507,16.45038380140676,19.772472121563787,24,8.998547157544749
2024-12-29,25.257773650094407,15.997794573494616,20.444450989912553,24,9.259979076599791
2024-12-30,25.26596624824441,16.811263249429487,20.98286761308881,24,8.454702998814923
